label,z,x,y,area,vec_0,vec_1,vec_2,theta,psi,eccentricity,percentile_intensity,area_volume,mean_intensity_0,percentile_intensity_0,area_volume_0,mean_intensity_1,percentile_intensity_1,area_volume_1,mean_intensity_2,percentile_intensity_2,area_volume_2
5,5,316,213,4181,0.009958342719959724,0.8076761172363128,0.5895422979365823,0.940268057114421,0.009958507319772499,7.313374945629846,0.0,60487.0,0.0,0.0,60487.0,0.0,0.0,60487.0,0.0,0.0,60487.0
8,6,270,177,4043,-0.010068615620972582,-0.9567038954372812,-0.2908887750233903,-1.8659673914143364,-0.01006878574977599,4.084680402246001,0.0,58969.0,0.0,0.0,58969.0,0.0,0.0,58969.0,0.0,0.0,58969.0
9,7,271,222,6682,-0.09717118744695707,-0.3525571296548143,-0.9307315567120884,-2.7794983890587193,-0.09732475981637549,8.528225111937074,0.0,29359.0,0.0,0.0,29359.0,0.0,0.0,29359.0,0.0,0.0,29359.0
10,7,292,245,4993,-0.03399063823147999,0.7631813705980197,-0.6452897272425347,2.272687289518369,-0.03399718689384432,5.662659581316984,0.0,25759.0,0.0,0.0,25759.0,0.0,0.0,25759.0,0.0,0.0,25759.0
11,10,249,246,5971,0.029172982546750967,0.25992641073160816,0.9651876491612964,0.26306061229791733,0.029177122139561154,2.0985335531690748,0.0,47917.0,0.0,0.0,47917.0,0.0,0.0,47917.0,0.0,0.0,47917.0
12,10,230,316,9033,-0.26326293638291637,0.7645535712983746,-0.5883455302302776,2.2266787851822745,-0.26640289807563255,3.2319166111551167,0.0,51824.0,0.0,0.0,51824.0,0.0,0.0,51824.0,0.0,0.0,51824.0
13,12,301,278,10717,0.014233203418610833,-0.24312796282197788,-0.9698897925096849,-2.8959779833296735,0.014233684032495194,1.5707063197847506,0.0,50026.0,0.0,0.0,50026.0,0.0,0.0,50026.0,0.0,0.0,50026.0
14,11,304,321,11501,-0.1728256297971446,-0.8202375690724155,0.5452904106688422,-0.9840901251138852,-0.17369774960145343,2.891638791746328,0.0,59535.0,0.0,0.0,59535.0,0.0,0.0,59535.0,0.0,0.0,59535.0
15,13,322,246,8866,0.4876469733463075,0.0160062226083341,-0.8728941689712436,3.1232577516733726,0.5093925100815576,2.319364711495488,0.0,42290.0,0.0,0.0,42290.0,0.0,0.0,42290.0,0.0,0.0,42290.0
16,13,242,328,8129,-0.5450464709619792,0.5565246111437593,-0.6270603652625316,2.4157190946062546,-0.5764445415030759,2.3923917478512777,0.0,40791.0,0.0,0.0,40791.0,0.0,0.0,40791.0,0.0,0.0,40791.0
18,17,200,271,9032,0.00949146995775,0.9394425940915376,0.34257484496764135,1.2211236858203618,0.009491612474788351,3.1904979558038793,0.0,85203.0,0.0,0.0,85203.0,0.0,0.0,85203.0,0.0,0.0,85203.0
19,16,239,367,9385,0.6086827475451816,-0.5453144435653724,0.5763136910397298,-0.7577674743362695,0.6543992974567925,2.2720029689247596,0.0,62830.0,0.0,0.0,62830.0,0.0,0.0,62830.0,0.0,0.0,62830.0
23,20,181,184,8877,0.15710670067369908,0.0296295494336744,-0.9871370595838161,3.1115860239953057,0.15776028455596725,2.7554498880444984,0.0,85777.0,0.0,0.0,85777.0,0.0,0.0,85777.0,0.0,0.0,85777.0
24,18,222,191,7984,-0.3360902644394404,0.6466341404375796,0.6847682984554557,0.7567638947512453,-0.3427625937903232,3.1670169155430856,0.0,72459.0,0.0,0.0,72459.0,0.0,0.0,72459.0,0.0,0.0,72459.0
26,25,288,315,11149,0.37424752386465343,0.7326336796314534,-0.5684951031898621,2.230706455611197,0.3835851967356408,1.8966470497496242,0.0,47483.0,0.0,0.0,47483.0,0.0,0.0,47483.0,0.0,0.0,47483.0
28,25,275,290,9553,-0.6649239790604342,0.6787821643005929,-0.3116582671739064,2.001227736896107,-0.7273920329427256,2.1010661998416764,0.0,69255.0,0.0,0.0,69255.0,0.0,0.0,69255.0,0.0,0.0,69255.0
29,29,275,220,10798,0.45028993972447007,0.6451631965876768,0.6172547447786076,0.8075017043101809,0.46709003577646807,2.783552663843327,384.0,56479.0,0.0,0.0,56479.0,81.5970065570094,114.0,56479.0,293.2787584766019,384.0,56479.0
30,28,219,244,12684,0.2563032386019892,-0.9588236623104053,0.1223349274565306,-1.4438934164980115,0.25919573852481775,2.124175123568019,0.0,64894.0,0.0,0.0,64894.0,0.0,0.0,64894.0,0.0,0.0,64894.0
31,30,300,236,13825,-0.25524646165666054,-0.14775758863820632,-0.9555191985572961,-2.9881719129905346,-0.25810259976206945,3.6805795016341123,331.0,46152.0,0.0,0.0,46152.0,76.40932137285492,105.0,46152.0,195.59966343098168,331.0,46152.0
32,30,260,370,10349,-0.4700569029839694,0.6923183872200104,-0.5474867657525638,2.2399035145197397,-0.4893552462659315,2.5232723960177212,0.0,72486.0,0.0,0.0,72486.0,0.0,0.0,72486.0,0.0,0.0,72486.0
33,30,365,256,12604,-0.5753653925931352,-0.21908407787745465,0.7880081419799754,-0.27117412718775846,-0.6130508246296121,3.1804854370021625,0.0,113739.0,0.0,0.0,113739.0,0.0,0.0,113739.0,0.0,0.0,113739.0
34,32,185,213,11320,0.7604280221592906,-0.6021263504222965,-0.24329628283645385,-1.9547993808108024,0.8639719424196137,4.503956285288035,0.0,74497.0,0.0,0.0,74497.0,0.0,0.0,74497.0,0.0,0.0,74497.0
35,29,208,130,10852,-0.66634491976823,0.6724697288772946,0.32213182339341917,1.124066645266564,-0.7292960707523917,4.105410825209927,0.0,115882.0,0.0,0.0,115882.0,0.0,0.0,115882.0,0.0,0.0,115882.0
36,31,164,294,8012,-0.2905593346347647,0.5527619453156466,-0.7810438559181329,2.5257028962134154,-0.2948113399752464,1.6344566264767049,0.0,77312.0,0.0,0.0,77312.0,0.0,0.0,77312.0,0.0,0.0,77312.0
37,32,266,179,11638,0.08171599600927523,0.6929607425461208,0.7163294669955584,0.7688177722013252,0.08180721352179288,3.1995942139388687,128.0,50997.0,0.0,0.0,50997.0,44.30984175539738,50.0,50997.0,111.42853501186345,128.0,50997.0
38,34,355,326,9609,0.7706591549950738,0.5200001476658762,0.3683535166789453,0.9544736776481044,0.8798748838917726,3.0253690025114843,0.0,90877.0,0.0,0.0,90877.0,0.0,0.0,90877.0,0.0,0.0,90877.0
39,35,209,191,7653,-0.8428750393815988,-0.34930653173606974,0.409324583764506,-0.7064489850717989,-1.0026039291735167,2.3898109095902464,133.0,39509.0,0.0,0.0,39509.0,42.20166713069596,49.0,39509.0,117.10492967846989,133.0,39509.0
40,37,167,264,7098,0.7945772053700829,-0.45349149365280744,0.40372333334947963,-0.843391041298717,0.9183109174953874,2.1118104906223913,81.0,66734.0,0.0,0.0,66734.0,29.02923047721801,32.0,66734.0,71.57312614259598,81.0,66734.0
41,37,250,341,8404,0.17524571255031557,0.07908691922788912,0.981343058996075,0.08041669426302744,0.1761553374109697,1.6616448027279225,120.0,52757.0,0.0,0.0,52757.0,42.756525200447335,48.0,52757.0,100.51110437161577,120.0,52757.0
42,37,343,298,8548,0.0785375999584939,0.010718056896291434,-0.9968535342010518,3.130841180536073,0.07861856356515766,3.5490998262750355,91.0,55959.0,0.0,0.0,55959.0,28.689022319912795,33.0,55959.0,73.5429034352532,91.0,55959.0
43,38,256,263,13366,0.5415681772707517,0.6163906692848529,-0.5716348941292928,2.3185398959372354,0.5723014100007273,1.817562994620493,333.0,69836.0,0.0,0.0,69836.0,53.89514958855987,65.0,69836.0,220.4647889340741,333.0,69836.0
44,39,279,346,9874,-0.6456665163482158,-0.6391230583287949,-0.41789528111622304,-2.149878408403117,-0.701895799787631,2.9749433101726965,373.0,68044.0,0.0,0.0,68044.0,56.76027276468167,85.0,68044.0,255.3013638234084,373.0,68044.0
45,36,186,340,20011,0.6614802893036511,-0.7034538751894486,-0.2599932159570819,-1.9248201934392029,0.7227908646102594,6.578907433055814,105.0,111770.0,0.0,0.0,111770.0,10.588840177745967,33.0,111770.0,27.236977722107902,105.0,111770.0
46,46,225,371,9813,0.9148493214635272,-0.33697972542917315,0.22247557993497388,-0.9872807831917231,1.1551346071482451,3.732613697780207,191.0,63378.0,0.0,0.0,63378.0,30.300288217783248,38.0,63378.0,89.00013148621498,191.0,63378.0
48,46,199,141,13626,0.7660111760715949,-0.48216737481911387,-0.42513703766368816,-2.293420182940835,0.8726128732548428,2.8364938804137227,494.0,65633.0,0.0,0.0,65633.0,73.52132819364243,134.0,65633.0,226.22516112321546,494.0,65633.0
49,47,270,155,9938,-0.6476477800934183,0.11460384014553718,0.7532717389919549,0.15098359568079944,-0.7044932242778283,2.2802850624058997,717.0,55779.0,0.0,0.0,55779.0,118.93044574720474,163.0,55779.0,509.4811667473422,717.0,55779.0
50,49,181,312,10496,0.865545454672369,-0.4964838342494225,-0.06583971616732885,-1.7026390624453487,1.0462384494614587,3.6009097447360316,136.0,36038.0,0.0,0.0,36038.0,55.99346060639695,66.0,36038.0,119.51568714505059,136.0,36038.0
51,42,205,320,22584,-0.3427571160276687,0.2158359254103453,0.9142933953139193,0.23182435641932714,-0.34985023241496266,3.7026729936171785,316.0,55346.0,0.0,0.0,55346.0,89.30399667545983,111.0,55346.0,249.35405750490852,316.0,55346.0
52,48,297,139,12348,0.3646621653457875,0.930226087842079,0.04124234066273787,1.5264895177861977,0.373269958922449,2.694152421497931,97.0,62409.0,0.0,0.0,62409.0,30.77946022742446,41.0,62409.0,79.63937359462044,97.0,62409.0
53,48,302,174,14388,-0.09058943941791174,0.43408192166194043,0.8963071118496302,0.45100925681868975,-0.09071380212521296,2.122659495323433,368.0,61852.0,0.0,0.0,61852.0,56.149685270214924,70.0,61852.0,239.8080902800233,368.0,61852.0
54,53,150,228,13676,0.8402032228459946,0.1550494597570817,-0.5196327639287585,2.851620222556346,0.9976578757073913,4.737248775306718,470.0,77402.0,0.0,0.0,77402.0,56.92504500314376,97.0,77402.0,290.56305177299464,470.0,77402.0
55,51,212,229,8896,0.241079189075948,0.9042253699923394,-0.352501496247463,1.942511863142682,0.24347768435496495,4.871431736013637,184.0,56231.0,0.0,0.0,56231.0,51.753451536222606,70.0,56231.0,125.76125268979744,184.0,56231.0
56,50,209,164,13329,-0.7059255257851376,0.5914379182770486,0.3897054539894055,0.9881816734990205,-0.7837290082522075,2.293923769612531,87.0,59820.0,0.0,0.0,59820.0,30.51950852557673,32.0,59820.0,78.89514097849103,87.0,59820.0
57,50,231,393,22807,-0.19830747756415665,-0.942754179503225,-0.2681206843407322,-1.8478818397244452,-0.1996308008994503,1.7954122552333016,39.0,70895.0,0.0,0.0,70895.0,20.472478077908644,22.0,70895.0,33.458687730681525,39.0,70895.0
58,50,330,267,9759,0.80424811010428,0.5817054217938986,0.12167078387713498,1.364606684324409,0.9344092005362623,4.324762107481199,136.0,40254.0,0.0,0.0,40254.0,45.53925075768868,65.0,40254.0,93.94015501565062,136.0,40254.0
60,52,154,307,10683,0.8477179526534242,-0.5303264695882594,0.011318498272275294,-1.5494570558834027,1.0116682692089911,6.68926519173364,63.0,69911.0,0.0,0.0,69911.0,28.52413306442,34.0,69911.0,53.637739411537524,63.0,69911.0
61,51,330,315,12088,0.8151534259183529,0.1581939787086708,-0.557224871406413,2.8649747467725963,0.9529940177838934,4.42986604368333,895.0,67980.0,0.0,0.0,67980.0,145.76679905854664,213.0,67980.0,630.5958468176915,895.0,67980.0
62,52,363,284,8885,-0.7472404031814243,-0.5986671383818564,0.28849512521867915,-1.1217367655197423,-0.8438997709626892,2.9592810124789874,179.0,54403.0,0.0,0.0,54403.0,31.326428076883015,45.0,54403.0,93.15808564478675,179.0,54403.0
64,53,321,163,12050,-0.6299177948302873,-0.026834799157421634,0.7761980838100084,-0.03455833777894059,-0.6814473627917741,1.9582305411654464,126.0,88510.0,0.0,0.0,88510.0,30.385903664369373,36.0,88510.0,78.50416148834407,126.0,88510.0
65,53,323,225,8708,0.30304300977877574,0.46420594078074706,0.8322726589093761,0.5087792040263526,0.3078842021124362,2.538174769725207,159.0,57477.0,0.0,0.0,57477.0,79.65483584738243,178.0,57477.0,124.6781727183627,159.0,57477.0
68,55,243,139,9166,-0.8252683932232769,-0.3190017015445249,0.46601501430572834,-0.6002684332500313,-0.9706772853804264,3.1940184916848984,190.0,68018.0,0.0,0.0,68018.0,43.03908279181001,57.0,68018.0,138.05607829300087,190.0,68018.0
69,56,303,119,13623,0.9183402726940585,-0.014156274514645704,-0.39553854861450427,-3.10581804988282,1.1638664355526298,4.564237483814449,59.0,112313.0,0.0,0.0,112313.0,23.71273732040518,31.0,112313.0,51.21917617135446,59.0,112313.0
71,57,178,253,9490,0.5540752521751248,-0.8320006039344668,-0.027849775219094212,-1.6042570966078602,0.5872517021556435,2.0121316109283787,203.0,56305.0,0.0,0.0,56305.0,59.0533345173608,74.0,56305.0,180.6148654648788,203.0,56305.0
73,56,341,234,7833,0.866909015286747,0.48248021331309765,0.1252262072248067,1.3168527957277432,1.0489674881021733,4.671624728164474,409.0,44960.0,0.0,0.0,44960.0,100.17620848161329,136.0,44960.0,276.40803677342825,409.0,44960.0
74,59,157,192,13673,0.8689640212051409,-0.49133631473514794,-0.05907753950084977,-1.6904603565597005,1.0531050432655638,2.5690030655709886,242.0,66304.0,0.0,0.0,66304.0,45.82076998873874,53.0,66304.0,186.30925233268982,242.0,66304.0
78,59,316,282,6177,-0.8751426866961253,-0.4345464939875455,-0.21282533327923972,-2.0262218484230288,-1.065730627430552,2.2431508625337333,195.0,58643.0,0.0,0.0,58643.0,55.53141892467984,63.0,58643.0,165.85552694552916,195.0,58643.0
79,62,151,152,17013,0.16880854427265107,0.6918910953646694,-0.7019903044456001,2.3634397496286588,0.16962074024636556,3.223229073817634,222.0,128755.0,0.0,0.0,128755.0,34.00166466027209,41.0,128755.0,157.95034497042187,222.0,128755.0
80,61,366,362,9358,-0.9472393716572648,-0.00982090256323911,-0.3203765326224656,-3.110947999197018,-1.2445105134819439,2.493602035186471,44.0,47332.0,0.0,0.0,47332.0,20.24330967069495,22.0,47332.0,36.83929124764078,44.0,47332.0
81,67,201,318,4379,-0.8969485259378729,0.2604188308369567,0.35730291681343584,0.6298245752020959,-1.112818773941555,1.493866478690348,272.0,41929.0,0.0,0.0,41929.0,70.55684609697346,81.0,41929.0,239.22514250280236,272.0,41929.0
82,61,244,196,12302,-0.4130080889956981,-0.5630366302464969,0.7158310355277919,-0.6664855132087252,-0.4257545504590619,2.16118183294858,87.0,54282.0,0.0,0.0,54282.0,36.93297348415067,40.0,54282.0,79.28530636306695,87.0,54282.0
83,62,270,412,10157,-0.5681197360334446,0.6997424913714632,-0.4331286313539513,2.1250570275712706,-0.6042192519106121,2.0541219661408623,114.0,104147.0,0.0,0.0,104147.0,37.06446017008011,65.0,104147.0,57.96232248648545,114.0,104147.0
84,63,388,325,12866,-0.7930473815890202,-0.6091597159966018,0.0005394086933774967,-1.5699108306955512,-0.9157954296365163,3.609448544933329,888.0,123693.0,0.0,0.0,123693.0,65.53573767311003,101.0,123693.0,524.9106524486699,888.0,123693.0
85,63,437,60,4062,0.5519103635988751,0.40351989284412576,-0.7297716400568209,2.6364950872056068,0.5846533748653353,1.6550865748961743,16.0,179309.0,0.0,0.0,179309.0,15.0,15.0,179309.0,15.136228521713912,16.0,179309.0
86,65,131,245,4428,0.7513498681820722,0.0735126090181723,-0.6557966696302477,3.0299620189917387,0.8501052560266048,1.3357066505964832,245.0,58251.0,0.0,0.0,58251.0,34.24382414035811,41.0,58251.0,166.8370213959131,245.0,58251.0
87,65,306,396,9848,0.8737063501122867,-0.31570157867175036,0.3700942136775861,-0.7062506818043678,1.0627700834166436,2.4806812562764198,54.0,70015.0,0.0,0.0,70015.0,28.763488776214622,34.0,70015.0,43.28073508057797,54.0,70015.0
88,65,363,242,8850,0.7096417709634016,0.2494070808045482,0.6589420801166676,0.3618323130902221,0.7889896373769701,4.493087661554184,74.0,42956.0,0.0,0.0,42956.0,25.512733960331502,34.0,42956.0,45.61738367942391,74.0,42956.0
90,66,198,282,13819,0.5619001195275158,-0.8158140038482004,0.13680558029602433,-1.4046500766644325,0.5966810483429767,2.748367531702648,270.0,65227.0,0.0,0.0,65227.0,59.635145977381555,64.0,65227.0,203.91127396119194,270.0,65227.0
93,63,119,282,11979,0.9569433651713364,-0.25083460609501324,-0.14608694753371335,-2.0981767179829816,1.2762824517976463,7.816524961509085,179.0,122396.0,0.0,0.0,122396.0,33.53701101343181,41.0,122396.0,125.02461137074197,179.0,122396.0
94,67,143,281,7648,-0.9308113551655122,0.300857626660741,-0.20754495796094272,2.1746739047634027,-1.1966264570337213,2.965916856839681,171.0,51043.0,0.0,0.0,51043.0,109.21434868640166,125.0,51043.0,147.1827282879141,171.0,51043.0
95,66,258,247,7298,-0.42149356461487536,-0.7736889291895465,0.47302073510341885,-1.0220485404256774,-0.4350917055547943,3.605581667653607,298.0,70229.0,0.0,0.0,70229.0,62.83602215608936,83.0,70229.0,212.16544447450482,298.0,70229.0
98,70,247,110,12161,0.7392649660323996,-0.19767970639638427,-0.6437468785758532,-2.8436561294452507,0.8319782006361666,2.8401288415369375,63.0,94270.0,0.0,0.0,94270.0,21.883243166790425,24.0,94270.0,49.15001591174287,63.0,94270.0
100,70,279,324,9272,-0.41030065010527916,-0.9101197540157394,-0.0577530074845989,-1.634167850662516,-0.42278371591005764,1.9300971476434348,1684.0,74267.0,0.0,0.0,74267.0,509.509979757721,1303.0,74267.0,763.9138289325451,1684.0,74267.0
102,77,328,281,4124,0.9091472386621094,0.36047364136358645,-0.20859063333509875,2.095374673778545,1.1412318939198087,2.2061401483224836,320.0,33967.0,0.0,0.0,33967.0,63.555843416649495,93.0,33967.0,235.75145484342647,320.0,33967.0
103,72,379,258,8654,-0.7541656397339457,-0.12309088865712801,-0.6450448209033902,-2.953034257322991,-0.8543826254250664,2.527167065213026,59.0,70733.0,0.0,0.0,70733.0,23.059948444620378,28.0,70733.0,43.89765738764085,59.0,70733.0
105,74,234,226,5277,-0.4545003796364925,-0.7736611657347241,0.44144966365857785,-1.0522764135606566,-0.47181123310806916,2.5989769898831367,272.0,47061.0,0.0,0.0,47061.0,66.28706713981146,87.0,47061.0,198.59314506704064,272.0,47061.0
106,74,269,356,10151,0.8974054763649484,0.251567576286106,0.36245988129961965,0.606725777976454,1.1138533687340466,2.7170575770614804,395.0,53237.0,0.0,0.0,53237.0,184.07711428768212,270.0,53237.0,252.63125270018972,395.0,53237.0
107,76,388,370,11844,-0.8562309095600548,-0.4443430404796477,0.26349173021418276,-1.0355459326088887,-1.027928899208572,3.260003146411443,96.0,137475.0,0.0,0.0,137475.0,26.32010911074741,36.0,137475.0,56.997369218645815,96.0,137475.0
110,77,105,185,12559,0.95144524845037,-0.2852235061459393,0.11575616935192114,-1.1852624315338067,1.2578974700988301,2.8648170521096645,95.0,104040.0,0.0,0.0,104040.0,25.699275919518133,31.0,104040.0,68.83629373317955,95.0,104040.0
111,76,228,281,10070,-0.4971264035734676,0.8346941519326789,0.2369620467490431,1.2941832804619142,-0.5202837984554338,4.278064091812315,474.0,90938.0,0.0,0.0,90938.0,83.71458209622674,90.0,90938.0,414.1409165218794,474.0,90938.0
112,77,271,201,7042,0.876594367923894,0.10412381760050057,-0.4698303361133747,2.923497625647062,1.068738994948244,2.431017262710078,212.0,66795.0,0.0,0.0,66795.0,52.435406841829476,84.0,66795.0,143.9520572897173,212.0,66795.0
113,78,298,386,8608,0.8568558373206188,-0.0740735262625998,0.5102070038294314,-0.14417592286147565,1.0291398240991507,5.597453721063564,274.0,23801.0,0.0,0.0,23801.0,78.46007870817753,116.0,23801.0,222.70764533703067,274.0,23801.0
116,79,238,409,8285,0.9456197058611641,0.31927051381091215,0.06220700039354105,1.3783661865244763,1.239494536168317,4.361816396438488,127.0,61034.0,0.0,0.0,61034.0,44.020234623324704,86.0,61034.0,60.60566787910564,127.0,61034.0
117,80,90,224,5045,0.24579254355619198,-0.25332219968868347,-0.9356355533417186,-2.877183032811113,0.2483372342074639,2.502594661081369,55.0,57499.0,0.0,0.0,57499.0,20.02451057119834,24.0,57499.0,42.956805045884856,55.0,57499.0
118,80,140,180,9111,0.9387312201402139,-0.3337690868989449,-0.08591794320576639,-1.8227437199762506,1.2189302967846898,4.072430998985255,431.0,40731.0,0.0,0.0,40731.0,43.5825947476533,56.0,40731.0,232.74131087705516,431.0,40731.0
119,80,344,366,13956,-0.638485426920449,0.2892577997465014,-0.7132084442125071,2.756291565223305,-0.6925287416952592,2.9091698556500183,256.0,76003.0,0.0,0.0,76003.0,42.38962935673592,47.0,76003.0,173.70998951795764,256.0,76003.0
120,82,138,261,10097,0.9985436360388493,0.04707633550859951,0.026351955551643713,1.0604825436826903,1.5168200802074852,2.6939478534118293,220.0,61551.0,0.0,0.0,61551.0,53.63821871293724,59.0,61551.0,151.06414193108154,220.0,61551.0
121,83,221,336,4842,0.6781506486848059,-0.5357125050845333,0.5031141118915581,-0.816767882888206,0.7452433155260354,3.341310711930762,452.0,57413.0,0.0,0.0,57413.0,126.46740285301239,195.0,57413.0,211.39443447767346,452.0,57413.0
122,82,313,180,15511,0.5006927959750885,-0.5167516630344543,-0.6944598208750266,-2.5018744412299005,0.5243989323936081,3.4988651906524284,635.0,57756.0,0.0,0.0,57756.0,77.67985432970889,117.0,57756.0,438.5630410693261,635.0,57756.0
123,80,313,234,9316,0.7762850387856478,0.4925011213440057,0.39347704384431703,0.8967042937090572,0.8887510520190737,3.4323342162352954,323.0,52332.0,0.0,0.0,52332.0,54.09326989222655,93.0,52332.0,187.70197329868276,323.0,52332.0
124,80,377,286,7870,-0.8588457838626258,-0.3409685007757031,-0.38226221500451946,-2.4132287515223463,-1.033012100392672,3.8193550872951874,2901.0,57195.0,0.0,0.0,57195.0,179.67482006002857,589.0,57195.0,801.1678351837281,2901.0,57195.0
126,83,344,266,7734,0.2491222902583316,-0.6076527405282137,0.7541195073892436,-0.6782540612326989,0.25177386635512894,1.9323481803656368,374.0,34559.0,0.0,0.0,34559.0,66.90590970031926,93.0,34559.0,259.3656838064373,374.0,34559.0
128,85,213,363,8705,0.7365531742464216,0.519625417778431,0.43298827548342683,0.8760954247099315,0.8279601245146163,4.498255697383271,129.0,82358.0,0.0,0.0,82358.0,82.5965743056736,99.0,82358.0,84.4253422051693,129.0,82358.0
131,84,281,178,8645,0.7205613670504561,-0.24752541470397585,-0.6477055545462016,-2.776561890805424,0.804611575221152,3.611162764624786,239.0,59438.0,0.0,0.0,59438.0,50.21546821898449,68.0,59438.0,173.11934004060254,239.0,59438.0
133,85,357,237,8807,0.05829354555067326,-0.24299489667599541,0.9682744149963651,-0.24587883013133358,0.05832661105157193,1.8935284928392961,354.0,33107.0,0.0,0.0,33107.0,152.95415873782986,365.0,33107.0,142.39093444488074,354.0,33107.0
136,87,355,178,9368,-0.8307974083854248,-0.5078476518865915,-0.22774202223862305,-1.9923568237175402,-0.9805388623612795,4.139963013354861,105.0,91454.0,0.0,0.0,91454.0,27.366439229922513,32.0,91454.0,66.27349632966664,105.0,91454.0
138,88,238,171,11241,0.6495012850878018,0.5946456819098802,-0.4738613654384873,2.243632050170592,0.7069283601188993,2.7839125585443183,173.0,50374.0,0.0,0.0,50374.0,55.03541509508874,74.0,50374.0,144.76933206283664,173.0,50374.0
139,89,73,208,7424,0.9730904549025311,-0.1586931965057364,-0.167067160029663,-2.3818947314906915,1.338283505783113,3.697826846957861,43.0,166180.0,0.0,0.0,166180.0,17.721213944718578,20.0,166180.0,29.31219561118466,43.0,166180.0
140,89,223,207,6208,0.721893794023056,0.5879460619093662,-0.364950378046476,2.126312579388067,0.8065351082586825,2.408028551628609,700.0,56494.0,0.0,0.0,56494.0,85.8486092918422,112.0,56494.0,397.6608371390472,700.0,56494.0
141,91,285,133,9636,-0.90008280102803,-0.4065881357706632,0.1566430309463931,-1.2030591709408989,-1.119959510852844,3.1219856886403408,157.0,72341.0,0.0,0.0,72341.0,45.590932758279074,50.0,72341.0,148.54787741391465,157.0,72341.0
142,89,296,366,11004,-0.8016470138315009,0.41207677738035936,-0.43307596880784643,2.3810360017485817,-0.9300452864349317,3.3056342111474826,336.0,49198.0,0.0,0.0,49198.0,86.67599631421332,126.0,49198.0,196.79441576215837,336.0,49198.0
144,90,349,323,8185,0.9940255644020286,-0.10895275400908463,0.0065172623903410895,-1.5110501925276323,1.461430938539352,3.5313923322558023,305.0,62653.0,0.0,0.0,62653.0,61.61569810437383,67.0,62653.0,259.2213301837103,305.0,62653.0
145,90,184,165,7934,0.9446639044883377,-0.29005279036856507,0.1532301744313379,-1.0847785805405763,1.2365685295399522,3.6850047967845456,249.0,53080.0,0.0,0.0,53080.0,61.41585656870133,75.0,53080.0,200.4463514192414,249.0,53080.0
146,91,243,150,6185,0.9183492004977638,0.3091066617998371,-0.24715949825179553,2.2452890001161276,1.1638889929616074,3.48855446254329,155.0,54105.0,0.0,0.0,54105.0,47.09729230200536,62.0,54105.0,131.63249853679574,155.0,54105.0
147,92,128,232,10472,-0.1483036785961485,0.9886874789280595,0.02242962161355641,1.5481139571330664,-0.14885276196915007,4.938380843680389,110.0,78999.0,0.0,0.0,78999.0,34.79631809685355,37.0,78999.0,92.60866593248016,110.0,78999.0
149,92,202,100,7606,-0.8118719257964855,0.5301859767570778,0.24447250592581823,1.1387442389247155,-0.9473512597603688,2.759340637604286,149.0,93365.0,0.0,0.0,93365.0,26.111644263553437,39.0,93365.0,78.07745586318927,149.0,93365.0
150,91,290,240,7949,0.9313054079660448,0.3499865197813508,0.10089436587112506,1.2901255386647794,1.1979805098584233,2.7016074159687613,396.0,65332.0,0.0,0.0,65332.0,56.262954346007064,73.0,65332.0,255.3586603808241,396.0,65332.0
151,93,177,129,12767,0.7675316173999133,-0.6244006520696423,-0.14497945367009216,-1.7989434836106997,0.8749814590289566,4.926381175799599,879.0,78013.0,0.0,0.0,78013.0,78.87547801862083,171.0,78013.0,340.00371305637094,879.0,78013.0
153,93,269,390,10084,0.6996416579195057,-0.6660502191424472,0.25860907966261354,-1.2004404397999862,0.774895840648559,3.761839045198548,517.0,32802.0,0.0,0.0,32802.0,140.8203666443103,266.0,32802.0,215.7316627034937,517.0,32802.0
154,94,285,336,4468,-0.9529067672343586,0.26391089779095367,-0.14939789485175728,2.085910374230762,-1.2626808456507934,2.240748431484128,375.0,38001.0,0.0,0.0,38001.0,77.84304798996517,92.0,38001.0,232.31191284439882,375.0,38001.0
155,93,318,412,9987,0.9476198952944271,0.28577308840085514,0.14265439351108775,1.107798817125525,1.2456997848092657,4.012654708014549,54.0,140205.0,0.0,0.0,140205.0,22.240184016261903,26.0,140205.0,36.2899730157032,54.0,140205.0
157,95,353,214,9003,-0.9912221344015455,-0.13164574919096603,-0.012168689017045922,-1.6629695131723705,-1.4382011718008327,3.7807129656306016,121.0,48076.0,0.0,0.0,48076.0,36.162804725850734,41.0,48076.0,99.5532074215825,121.0,48076.0
159,97,183,319,5482,0.968318722029399,-0.010779785887622738,0.2494847666362997,-0.04318133369219106,1.3184077783486237,3.248145835727803,2274.0,51957.0,0.0,0.0,51957.0,137.46802804883527,214.0,51957.0,1091.4022621270153,2274.0,51957.0
161,97,262,323,6720,0.6312383108979835,0.6204071527519662,-0.46543867444472126,2.214434941295432,0.6831487834566125,2.3416598203870826,333.0,53573.0,0.0,0.0,53573.0,105.00423098700216,122.0,53573.0,247.31045489332314,333.0,53573.0
162,97,339,232,8100,0.6697480252860532,0.6787191383266248,0.3012937335800341,1.153014040808471,0.7338694160389876,3.1873848193115024,155.0,43959.0,0.0,0.0,43959.0,76.09185073970443,155.0,43959.0,113.55449396028118,155.0,43959.0
163,100,142,170,6108,0.6148459327868809,-0.718542745844838,0.32505507430155695,-1.1459641377548664,0.6621905953150563,3.7180428626427946,192.0,56326.0,0.0,0.0,56326.0,41.94405188841151,58.0,56326.0,140.02362437713785,192.0,56326.0
164,99,195,237,7329,0.9863500539934811,0.09534085213646531,-0.1342523478414785,2.5240793799351104,1.4053810128513982,1.8898510251512668,410.0,90605.0,0.0,0.0,90605.0,71.26573220756765,93.0,90605.0,285.8913967220352,410.0,90605.0
165,100,328,284,8049,0.655176617250538,0.41680497846402026,0.6300930170504591,0.58441543212869,0.7144163796048749,3.2499794591179265,628.0,48593.0,0.0,0.0,48593.0,217.4250886616042,400.0,48593.0,332.6553550237003,628.0,48593.0
166,103,396,328,12401,0.6809952139488913,-0.20391704832402507,0.7033230807968135,-0.2821962447831437,0.749120824781304,4.448247322391387,131.0,85883.0,0.0,0.0,85883.0,35.30593947579847,75.0,85883.0,57.600328353690486,131.0,85883.0
168,111,201,325,16600,-0.967938613559332,-0.16680919508874756,0.18780184454547386,-0.7262680873031232,-1.3168900899823746,5.761751414869791,337.0,48843.0,0.0,0.0,48843.0,70.3054275945376,79.0,48843.0,211.7827529021559,337.0,48843.0
169,101,344,180,10099,-0.9585484856344763,-0.2712464636986657,-0.08723621162579347,-1.8819611644103305,-1.2818634834318343,3.8000265309379,209.0,43974.0,0.0,0.0,43974.0,59.56764603326208,88.0,43974.0,163.8682100028805,209.0,43974.0
173,103,201,147,11161,-0.954149468203185,-0.22185759083744358,0.20094278219280406,-0.8348252106452043,-1.2668053449012078,2.362879093938167,197.0,48673.0,0.0,0.0,48673.0,40.338880556639886,44.0,48673.0,125.8227422458721,197.0,48673.0
174,103,250,110,9072,-0.9841848803466842,-0.12931092892344098,0.12107355185150713,-0.8182852141376308,-1.3927121742517061,5.6170794923492275,867.0,57398.0,0.0,0.0,57398.0,53.9607303390362,67.0,57398.0,357.99589416588265,867.0,57398.0
175,106,149,194,7439,-0.965611216504964,0.0798814444050143,0.24741449714916042,0.31229951813097057,-1.3077841246071458,3.036115699780915,554.0,70877.0,0.0,0.0,70877.0,59.95087734149771,78.0,70877.0,289.6521015279992,554.0,70877.0
180,106,343,350,7014,0.8499960527789185,-0.25169562347808966,0.46276994649851005,-0.49813959433237853,1.015977800787221,3.0241423588720355,205.0,33052.0,0.0,0.0,33052.0,53.5113356730808,70.0,33052.0,140.59145185364477,205.0,33052.0
181,107,387,305,13289,0.9809187405238555,0.16297385384426463,0.1060091856974735,0.9940925709544335,1.3751320604308659,2.0946567499032502,1718.0,61501.0,0.0,0.0,61501.0,335.5436496967529,627.0,61501.0,807.823997441776,1718.0,61501.0
182,106,239,301,11438,0.7206042169544854,0.5791454601050637,0.3812087335661482,0.9886598867083563,0.8046733747966517,3.557519297683142,402.0,73497.0,0.0,0.0,73497.0,111.88186365883415,129.0,73497.0,338.4471112199591,402.0,73497.0
183,107,255,373,7569,0.8003443923570004,0.5345938003494991,0.2714006673731365,1.1010264563609413,0.927869425104025,5.804523153852081,435.0,48899.0,0.0,0.0,48899.0,101.79344499205845,150.0,48899.0,174.35634675555738,435.0,48899.0
186,105,363,342,13061,-0.5969655544866709,0.40877734057383686,-0.6903138507880329,2.6069566331856397,-0.6397134228004263,5.129451955097563,523.0,32778.0,0.0,0.0,32778.0,99.62324323224928,181.0,32778.0,269.78689974983223,523.0,32778.0
189,111,304,339,5601,0.6844991048440335,-0.36089834686423045,0.633414049969198,-0.5178925577470308,0.7539163909542037,2.495285313262099,270.0,52409.0,0.0,0.0,52409.0,73.22142507330166,112.0,52409.0,190.80993086429174,270.0,52409.0
190,110,174,342,12439,0.9667089297702448,-0.21013526947352434,-0.14600347127982047,-2.178028595373196,1.3120399018789781,3.1170256987558735,490.0,36327.0,0.0,0.0,36327.0,60.18556445618961,84.0,36327.0,238.93286903221662,490.0,36327.0
191,112,254,243,7503,-0.9702989906724547,-0.11226485801701881,0.21428128792415366,-0.4825948758133532,-1.3264637254774068,4.251194179317776,415.0,68059.0,0.0,0.0,68059.0,167.54476753013316,204.0,68059.0,346.0359198146706,415.0,68059.0
196,110,193,179,6998,0.5511466376411711,-0.8337892380332267,0.03213861161909316,-1.532270152757413,0.5837378075432841,3.0191656808013994,173.0,63979.0,0.0,0.0,63979.0,96.19414182778725,135.0,63979.0,154.4803867935833,173.0,63979.0
197,110,404,205,14613,-0.08415814641888263,-0.16516815389372597,-0.9826682488666646,-2.975067895532643,-0.08425780737455194,2.1787237184175203,28.0,37821.0,0.0,0.0,37821.0,18.233803089994094,20.0,37821.0,26.81399222654081,28.0,37821.0
199,113,267,406,6467,0.9194712187495497,0.3876384078983752,-0.0656440599995959,1.7385483930452459,1.1667334019073363,2.8815905344875143,164.0,31988.0,0.0,0.0,31988.0,41.482608061356345,73.0,31988.0,75.81623317077238,164.0,31988.0
200,110,305,120,20998,0.9952268315895194,-0.03651458091443053,-0.0904999395852276,-2.758093061785709,1.473052064143961,6.4224148983178235,165.0,90924.0,0.0,0.0,90924.0,54.89571876878858,77.0,90924.0,126.12247224788469,165.0,90924.0
201,117,162,144,14561,0.6376210861046596,-0.770227508677391,-0.0137453785445986,-1.5886403007921972,0.6914062096547495,2.826917556472028,195.0,91544.0,0.0,0.0,91544.0,56.75551283171662,72.0,91544.0,149.08351903638322,195.0,91544.0
202,113,234,120,5707,0.4701128073470459,-0.8619699675552522,-0.1897412011163557,-1.7874659265580424,0.48941858528547233,2.779657691783892,760.0,38669.0,0.0,0.0,38669.0,45.19110053703656,111.0,38669.0,265.50643495651127,760.0,38669.0
205,116,368,275,7851,0.9290553369701687,0.1975334627498609,-0.31278860583674656,2.5783157837284203,1.1918510488704508,2.363390257419958,164.0,51372.0,0.0,0.0,51372.0,49.95529341534948,66.0,51372.0,107.96893249240831,164.0,51372.0
206,115,377,201,8040,0.995315205365798,0.09649948401302826,0.005957478733378949,1.509138718542601,1.473961858817106,3.290717451944116,182.0,54694.0,0.0,0.0,54694.0,30.46825977255275,55.0,54694.0,97.70312404773223,182.0,54694.0
207,113,174,278,6282,0.9001916683728256,0.1893898807960352,-0.3921561337582423,2.6916818231398394,1.1202094322087168,5.749148028675693,265.0,85178.0,0.0,0.0,85178.0,77.46377390092904,83.0,85178.0,239.81093709643335,265.0,85178.0
208,117,256,344,5905,-0.44492194190353435,-0.8955693469460779,-0.00010209487546118288,-1.5709103267608033,-0.46108709864411535,3.475877612213217,311.0,48937.0,0.0,0.0,48937.0,87.635027348087,155.0,48937.0,178.14668519388874,311.0,48937.0
209,115,321,156,8151,0.9748027515030107,0.04608512457726005,-0.2182561727760723,2.9334978237891924,1.345835075873179,3.449123617492962,97.0,53599.0,0.0,0.0,53599.0,72.17895234363826,94.0,53599.0,87.87312574239569,97.0,53599.0
210,118,366,375,10296,-0.9789713307713633,0.09243222421681564,-0.18185548508109012,2.6713486078855384,-1.3653563786210565,3.980331366021585,65.0,77617.0,0.0,0.0,77617.0,23.00421728916775,35.0,77617.0,37.10059222421205,65.0,77617.0
211,121,148,342,6480,0.9794895640249783,-0.2013410515799682,-0.00787241480296269,-1.6098763188234513,1.3679124437555394,2.87763871876794,835.0,133910.0,0.0,0.0,133910.0,88.9366838423817,129.0,133910.0,574.8915291364847,835.0,133910.0
215,118,277,244,7059,0.9416529518780822,0.033570371193597674,-0.33490707427168237,3.0416884935107023,1.227507987987217,3.7247966112078315,677.0,58274.0,0.0,0.0,58274.0,180.350241960394,241.0,58274.0,524.7006784043198,677.0,58274.0
216,118,312,282,7023,-0.9871790328502249,-0.12863561595947254,-0.09450098098761636,-2.2043949093176094,-1.4104937541214801,5.772988558335592,230.0,60702.0,0.0,0.0,60702.0,74.19746191778415,81.0,60702.0,191.62386192657024,230.0,60702.0
219,120,218,206,8089,-0.8546614809715162,0.45174664184435614,-0.2558881093875235,2.086174987643608,-1.024898470024375,4.033445063423381,280.0,63171.0,0.0,0.0,63171.0,84.64321181132692,98.0,63171.0,198.8222391076074,280.0,63171.0
222,120,226,391,5853,-0.9573931198379471,-0.1872310088748552,-0.21987033315721888,-2.43619829759948,-1.277835840441847,2.505753992851689,71.0,27644.0,0.0,0.0,27644.0,110.33509381179762,177.0,27644.0,64.8536632421743,71.0,27644.0
223,120,270,76,10321,-0.9242461605452771,0.18242068467655922,0.3353978660031238,0.49814275399054386,-1.1790564009794555,4.1414977816908705,3727.0,113596.0,0.0,0.0,113596.0,282.2176485087503,458.0,113596.0,2511.755930373135,3727.0,113596.0
224,116,310,176,5404,-0.7583189638630362,0.5224133458218381,0.389918767377159,0.9296161764275929,-0.8607304963850965,3.0999372846360007,402.0,77450.0,0.0,0.0,77450.0,119.91018291370777,180.0,77450.0,221.70186356789327,402.0,77450.0
225,118,421,208,12313,0.8472946516709953,-0.001927896889086964,0.5311196253795486,-0.0036298572481977295,1.0108707696275647,3.634064437190894,29.0,116973.0,0.0,0.0,116973.0,16.721687910885418,18.0,116973.0,23.84365622836039,29.0,116973.0
226,122,228,411,17806,0.9675853324614544,0.2525387897526154,0.0016685549858355294,1.5641892993819564,1.3154874329134278,3.4142776779694337,139.0,107761.0,0.0,0.0,107761.0,67.48142339683807,100.0,107761.0,70.32125104011037,139.0,107761.0
227,122,261,273,4017,0.7388260120884358,-0.6114751119134,0.28325661752550957,-1.1369909199388157,0.8313266005763602,2.324532438467334,340.0,62082.0,0.0,0.0,62082.0,96.24250185238877,112.0,62082.0,297.55658645017877,340.0,62082.0
229,123,295,413,9815,-0.9956567818828079,0.029491733515683856,0.0883052113128684,0.3223279489664943,-1.4775615083257783,3.805127134606479,230.0,130609.0,0.0,0.0,130609.0,44.647415823820204,72.0,130609.0,101.65463584694265,230.0,130609.0
230,123,395,243,11684,-0.05270816976492923,-0.8433971936401272,0.5346990018692654,-1.0057637965944,-0.05273260553658816,3.9569604077312617,58.0,70744.0,0.0,0.0,70744.0,20.829285875833992,25.0,70744.0,35.06494308115647,58.0,70744.0
231,123,180,304,5490,0.9882783155282951,-0.00851871716354627,0.15242507180396095,-0.055829820935996,1.4175340942021932,4.062122414984908,507.0,47858.0,0.0,0.0,47858.0,105.55604078732918,136.0,47858.0,316.52350007661556,507.0,47858.0
236,125,314,354,7557,-0.6026848534828215,-0.5883426079902468,0.5390954859814951,-0.8290509697544837,-0.6468614163417934,2.7014673737394332,691.0,51304.0,0.0,0.0,51304.0,96.85509901762046,265.0,51304.0,348.29610426737355,691.0,51304.0
237,126,351,331,8402,-0.8984818477558186,0.33224685278382093,-0.2869536514291735,2.2831766594744463,-1.116299061828132,3.949895204253561,324.0,38399.0,0.0,0.0,38399.0,64.79150498710904,106.0,38399.0,168.15851107233695,324.0,38399.0
238,126,209,90,10373,-0.97860822335194,0.19903402784389523,0.052071114336021976,1.3149122357206042,-1.363583958682194,3.447188152725261,287.0,127222.0,0.0,0.0,127222.0,66.22143444792043,201.0,127222.0,121.77964502994764,287.0,127222.0
239,127,234,177,10262,0.024893899727993583,-0.9193901244609239,0.3925583941276254,-1.1672523746070875,0.02489647159611782,4.235858918874107,220.0,69203.0,0.0,0.0,69203.0,61.998396023293786,73.0,69203.0,178.1183330202448,220.0,69203.0
241,130,406,192,8527,0.7461201910980255,0.2892317501637075,0.5997079748786768,0.4493775889657714,0.8422157042074446,2.6284710177001775,31.0,62060.0,0.0,0.0,62060.0,18.23175421634977,25.0,62060.0,23.70118165216457,31.0,62060.0
243,129,167,239,4375,0.5056512519149843,-0.7290460616155552,0.46131188092185255,-1.0066355575117056,0.5301366648878187,5.887628016088625,602.0,91870.0,0.0,0.0,91870.0,126.45324189978592,164.0,91870.0,409.3172635245456,602.0,91870.0
244,128,196,377,8128,0.8058726779659495,-0.5473482955194304,0.225785451922754,-1.179554065196841,0.9371478902626202,3.461846838216163,217.0,33204.0,0.0,0.0,33204.0,42.26606232180862,50.0,33204.0,110.32479018592137,217.0,33204.0
248,128,165,313,6650,-0.9836431696397369,0.028248615291591048,0.17789921459972718,0.15747523733889304,-1.389679696581237,4.623087350497449,771.0,46862.0,0.0,0.0,46862.0,124.8394576984906,212.0,46862.0,375.5396910076395,771.0,46862.0
250,130,207,359,6245,0.9445679271182462,-0.30583326205301214,-0.11940455134354518,-1.9430201042634936,1.2362760742521406,4.537921590822381,471.0,51806.0,0.0,0.0,51806.0,82.4432433823624,100.0,51806.0,346.52096282283907,471.0,51806.0
251,131,358,142,11362,-0.7494509075462106,0.14106790201593314,0.6468563860695694,0.21472036337655953,-0.8472323194698143,3.4590701739005567,859.0,95225.0,0.0,0.0,95225.0,54.42193051544587,128.0,95225.0,266.57568915725915,859.0,95225.0
252,127,95,222,15384,0.9356583120720376,0.0024368254464556733,0.35289883101570274,0.006905057492502956,1.210119872280985,3.528708794857639,77.0,109236.0,0.0,0.0,109236.0,29.983378495489887,32.0,109236.0,58.21375126637128,77.0,109236.0
256,131,312,257,4598,0.874082060941908,0.32341863677489446,-0.36246508263033445,2.4130617769638976,1.0635429664501792,2.4067532661574287,128.0,44558.0,0.0,0.0,44558.0,54.326615497404134,70.0,44558.0,109.26423986713945,128.0,44558.0
257,132,342,382,10574,0.04646730580872354,0.30282676610142145,-0.9519121489000093,2.8335917412507547,0.04648404419343138,3.3706715730880443,1688.0,68593.0,0.0,0.0,68593.0,258.45955612574653,391.0,68593.0,955.962061240457,1688.0,68593.0
259,134,213,147,8909,0.953210841769455,-0.29775036730523424,0.05228584801611932,-1.396965670154642,1.2636851049902496,6.873303837729766,476.0,67080.0,0.0,0.0,67080.0,79.28791989664083,110.0,67080.0,283.3465016895249,476.0,67080.0
260,128,360,40,5311,-0.6058066671064797,0.7749018976794294,0.1803478058146476,1.3421306683340393,-0.6507793717641808,17.69425828676213,16.0,179309.0,0.0,0.0,179309.0,15.0,15.0,179309.0,15.850485288896078,16.0,179309.0
263,133,288,94,6534,0.9911770941927227,0.11861777108313575,0.05914213667884567,1.1082739630756793,1.4378609262172675,4.641430685309699,373.0,63214.0,0.0,0.0,63214.0,121.80291812995011,277.0,63214.0,251.19051686862616,373.0,63214.0
264,137,375,333,8820,-0.8689163193698712,-0.17712566689867756,0.4621806227638872,-0.3659743170728476,-1.0530086597881745,4.666977487849817,667.0,59252.0,0.0,0.0,59252.0,130.24695087648237,266.0,59252.0,235.8287146425437,667.0,59252.0
265,138,130,187,6907,-0.28156992073833925,-0.06052544668539116,0.9576299128781113,-0.06311942169264023,-0.2854298342312353,3.0891610838792993,297.0,89712.0,0.0,0.0,89712.0,48.68472816717199,57.0,89712.0,194.65169282444563,297.0,89712.0
266,135,246,270,4707,-0.8962930666174341,-0.42433920422063337,0.12882149857424774,-1.2760570724018132,-1.1113385090960628,3.1389006378303703,781.0,47212.0,0.0,0.0,47212.0,772.2121141517694,1028.0,47212.0,550.3070688243102,781.0,47212.0
267,136,382,161,13679,0.9856450893337398,0.04170063166530508,0.16359955742910368,0.24957994436086992,1.4011532505808395,6.023507709902253,82.0,91985.0,0.0,0.0,91985.0,23.84206845318983,34.0,91985.0,41.011085140693226,82.0,91985.0
268,138,339,220,6336,-0.7117856524473047,-0.5306599334581599,-0.4601752057557492,-2.285177435675137,-0.7920371735082519,3.4141739691839197,341.0,78823.0,0.0,0.0,78823.0,60.620478794260556,78.0,78823.0,221.87851261687578,341.0,78823.0
269,132,383,278,10077,-0.8704244454699545,0.17219855195488903,-0.46120379815539386,2.7842539022536092,-1.0560638293112075,7.470748095670145,81.0,41575.0,0.0,0.0,41575.0,42.009236319903785,95.0,41575.0,50.87510122268992,81.0,41575.0
271,139,330,256,9792,0.7196371485431878,0.014472312729865596,-0.6941994861715753,3.120748188959505,0.8032796003931931,2.931566231804172,159.0,44567.0,0.0,0.0,44567.0,50.118637856111775,60.0,44567.0,121.34384933545748,159.0,44567.0
273,138,208,248,5499,-0.8527460771624182,0.3523108861115198,-0.385617903385492,2.4012996916773264,-1.0212203504510355,3.032398759792904,409.0,86999.0,0.0,0.0,86999.0,505.38923052755393,738.0,86999.0,352.37154066904986,409.0,86999.0
279,141,223,98,6430,-0.9957292988251525,-0.08561729102907742,-0.034537558367839415,-1.9542257086697192,-1.4783436961534164,4.3409096731916454,446.0,19566.0,0.0,0.0,19566.0,54.05879246311629,104.0,19566.0,227.64693856690178,446.0,19566.0
281,141,74,248,8977,0.9941333524458719,-0.10809749237238908,0.00371614013902835,-1.536432187969042,1.4624229647169795,4.710795218286103,35.0,151095.0,0.0,0.0,151095.0,17.264952513319436,19.0,151095.0,26.57999271981204,35.0,151095.0
282,143,260,339,10102,-0.6563797613976837,-0.5960104217164264,0.4625334431507922,-0.9108310637309057,-0.7160100464644646,2.5377093060553704,885.0,49771.0,0.0,0.0,49771.0,124.0190740257044,190.0,49771.0,479.7479857748488,885.0,49771.0
284,145,356,296,8657,0.9347199524988505,0.25894525694748066,-0.2434049389493764,2.3252691244446955,1.2074702348672743,3.2270206791806744,223.0,47024.0,0.0,0.0,47024.0,70.17038108200067,122.0,47024.0,148.2197317681751,223.0,47024.0
287,148,314,303,12865,0.8238276870860658,-0.4931951320322778,0.27940383628376947,-1.0553599862583414,0.9681309271137252,4.879452229552058,539.0,50104.0,0.0,0.0,50104.0,250.93155569748257,393.0,50104.0,254.9893554739475,539.0,50104.0
288,145,352,161,13706,0.9346309200080332,-0.15809629601308914,-0.31854450953026897,-2.6809027333206235,1.2072197934052755,4.012154752111494,233.0,51690.0,0.0,0.0,51690.0,61.521712774875866,75.0,51690.0,196.0123492616238,233.0,51690.0
290,147,270,138,6262,-0.984792415649621,-0.13354350328925713,0.11113069246709652,-0.8767459063981231,-1.3961750993546953,4.237519509374107,203.0,62457.0,0.0,0.0,62457.0,147.6320348399699,449.0,62457.0,168.34483991652925,203.0,62457.0
291,147,331,323,7019,-0.9696239561279679,0.13733248012996488,0.20240843264079056,0.5961446783308213,-1.323688715144898,4.264999070042044,225.0,50369.0,0.0,0.0,50369.0,75.88668294652133,93.0,50369.0,163.67791697274117,225.0,50369.0
292,145,121,164,7320,0.9652083562054198,0.037386317554763696,0.25879546435539763,0.1434702442209178,1.3062390369901193,8.663931847498235,324.0,100298.0,0.0,0.0,100298.0,72.83992037062886,126.0,100298.0,189.23097835118014,324.0,100298.0
293,148,246,391,5561,0.015222749978605437,0.9951903260169793,-0.09677025826826947,1.6677295262212402,0.015223337973269552,2.6667938505427533,198.0,63485.0,0.0,0.0,63485.0,56.39860334462209,107.0,63485.0,121.36044734976767,198.0,63485.0
294,148,316,146,8268,-0.20914738654914625,0.21399530452736218,-0.9541820477979573,2.92097224956019,-0.21070298214308425,2.25822112209524,610.0,59028.0,0.0,0.0,59028.0,148.73931015789117,290.0,59028.0,300.27703236881933,610.0,59028.0
295,148,111,283,7958,-0.991887387698815,-0.1244029688413886,0.02614022699727126,-1.3636840059277797,-1.4433317813473698,5.4253551891867415,489.0,84216.0,0.0,0.0,84216.0,54.443902188024445,76.0,84216.0,251.4834671163041,489.0,84216.0
297,151,368,372,14251,-0.6881331537002287,0.6785305686358277,-0.25703896631701134,1.9329092683057083,-0.7589130167895898,3.277849515287629,869.0,47769.0,0.0,0.0,47769.0,307.59934266993235,627.0,47769.0,363.93169907959833,869.0,47769.0
299,149,126,302,4712,-0.8838659013257865,0.13308680124473155,-0.44840714959509764,2.8530751217503103,-1.0840637957871389,2.1131869350469064,586.0,56845.0,0.0,0.0,56845.0,126.32263171782918,189.0,56845.0,343.68183070923857,586.0,56845.0
300,150,176,333,7207,0.773833024624818,0.5802627102743141,0.2539244711821076,1.1582997710221952,0.8848705867938413,3.3624450238087062,301.0,58751.0,0.0,0.0,58751.0,87.30636074279587,122.0,58751.0,191.07427391306814,301.0,58751.0
301,150,284,321,6378,0.9187606183139005,-0.37529773939216166,0.12259907439533231,-1.255053359322588,1.1649297847562403,2.3844536400286325,357.0,76897.0,0.0,0.0,76897.0,136.39879319089172,157.0,76897.0,315.04916533371477,357.0,76897.0
303,150,325,371,7467,0.9774055625433935,0.15549269182465514,-0.14317956941671378,2.3149916223087876,1.357817273230678,4.147148699730054,642.0,55924.0,0.0,0.0,55924.0,117.25091195193477,224.0,55924.0,425.53914240755313,642.0,55924.0
306,157,243,253,8378,-0.9997205161740241,-0.0232278960879226,-0.004399361780036166,-1.7579790426927193,-1.5471532793821305,5.706390887321881,503.0,59450.0,0.0,0.0,59450.0,136.91937762825904,173.0,59450.0,325.4635099523409,503.0,59450.0
307,153,266,93,9541,0.971598622065069,0.20464497710997553,0.11881309248107727,1.0447775016538121,1.331895321177013,4.170563334637883,4287.0,40895.0,0.0,0.0,40895.0,300.93928353099403,1446.0,40895.0,1107.7967885234543,4287.0,40895.0
308,152,182,384,6999,-0.7046586255822724,-0.5253119325970352,-0.47697336913466204,-2.30800348357581,-0.7819419144802362,3.700638976596815,318.0,99241.0,0.0,0.0,99241.0,56.65422893091901,89.0,99241.0,206.74989839548843,318.0,99241.0
309,153,284,133,5656,0.9864075129485331,-0.1311343269819304,0.0990151841168072,-0.9240603084397049,1.405730329256244,1.8644775464068444,396.0,32615.0,0.0,0.0,32615.0,64.67123511676631,100.0,32615.0,201.13506055495938,396.0,32615.0
311,154,400,275,14319,0.9369355717674732,-0.1904776244132652,0.293035849265303,-0.5763855898586208,1.2137566640044875,4.98730716813221,25.0,58056.0,0.0,0.0,58056.0,18.955830003215286,22.0,58056.0,22.343088282577742,25.0,58056.0
312,155,408,246,11152,-0.9750628666090853,0.10821943938945987,-0.1937548943854168,2.6322181224473025,-1.3470041391721608,5.61578747375466,48.0,109998.0,0.0,0.0,109998.0,23.663539337078856,36.0,109998.0,32.75247731776941,48.0,109998.0
313,155,195,371,9552,0.8628537056258611,0.4790839507373186,0.16112743662592788,1.2463565804092696,1.0408885833864219,2.8768610885393824,162.0,45422.0,0.0,0.0,45422.0,39.50451323147374,42.0,45422.0,116.12656862313416,162.0,45422.0
316,155,385,203,6858,-0.997154627971447,0.07062525194572158,0.026357573915824613,1.2136018147108003,-1.495341407666545,4.056624914546935,170.0,27574.0,0.0,0.0,27574.0,36.372331423321484,65.0,27574.0,99.2664466526438,170.0,27574.0
317,156,259,366,8856,-0.7134195581131125,-0.6018911687496691,0.3588308167965079,-1.033196096597578,-0.7943661101138624,3.914920983943448,636.0,56468.0,0.0,0.0,56468.0,47.70443436990862,61.0,56468.0,302.7865339661401,636.0,56468.0
318,156,362,196,9791,0.9143047690724139,-0.05108752314298476,0.4017920534686505,-0.12647053037713185,1.1537880757426089,2.792013504847279,338.0,43570.0,0.0,0.0,43570.0,737.7153852038865,2761.0,43570.0,211.37024711192717,338.0,43570.0
319,156,198,120,10883,0.1916985228661171,-0.8555393198912553,0.48094089912478544,-1.0586732519543134,0.19289247417001845,2.589518543654198,124.0,81354.0,0.0,0.0,81354.0,31.752230990486023,37.0,81354.0,80.31112586146143,124.0,81354.0
321,157,299,384,6916,0.8566092461994093,0.3461278043554607,-0.38264362320277523,2.4062586178650243,1.0286617127849438,5.495535362800769,733.0,54130.0,0.0,0.0,54130.0,101.27057084795862,250.0,54130.0,379.9536547816984,733.0,54130.0
322,155,190,200,9653,0.980705345170442,0.03252214145918188,-0.19276757058445732,2.9744548918069746,1.3740374725820015,4.352326716960289,325.0,103712.0,0.0,0.0,103712.0,83.27067584593233,101.0,103712.0,234.42032101717578,325.0,103712.0
323,157,241,189,6107,-0.5293978479776974,0.4725167947839951,0.7046032906562689,0.5907303607701551,-0.5578906358766655,3.042001950371615,409.0,69100.0,0.0,0.0,69100.0,92.65204534491076,117.0,69100.0,322.6738929088278,409.0,69100.0
326,157,228,321,6075,-0.7455892964558182,-0.6569349763298256,0.1119510512905088,-1.4020036271584606,-0.841418694998051,2.1381928332581355,664.0,88073.0,0.0,0.0,88073.0,74.79544241708582,104.0,88073.0,309.7302957016717,664.0,88073.0
328,161,205,400,9860,0.7777559899448062,-0.5825956544085863,-0.2359616993692118,-1.9556210264437621,0.8910878444000775,2.756431240664661,648.0,90106.0,0.0,0.0,90106.0,203.46627675552497,395.0,90106.0,224.24879586265067,648.0,90106.0
330,161,247,113,10783,-0.6314747729776164,0.7169166410304457,0.29541520087241746,1.1799338076476356,-0.6834537019742128,2.672824880281908,570.0,18124.0,0.0,0.0,18124.0,95.15723166335614,219.0,18124.0,317.62530346501876,570.0,18124.0
331,166,248,282,5106,-0.9529398469523469,-0.3031171936770411,0.005061125150914329,-1.5541009528296328,-1.2627899435122354,4.007898490915868,4006.0,54965.0,0.0,0.0,54965.0,410.28344704205705,568.0,54965.0,2377.1473058613055,4006.0,54965.0
332,160,149,277,4875,-0.5166070557682796,-0.6337022653188643,-0.5757938770603325,-2.3083529147354,-0.5428835022992464,2.762831064598941,343.0,76890.0,0.0,0.0,76890.0,93.75976069709975,107.0,76890.0,237.28184852820047,343.0,76890.0
333,160,285,197,7758,0.9608879630591441,-0.1949927975203588,0.19665231085149465,-0.7811609002125005,1.290190950502779,2.6160846621308647,351.0,81276.0,0.0,0.0,81276.0,118.67737093360894,191.0,81276.0,272.8727299571829,351.0,81276.0
334,162,306,100,8149,-0.9583871153431608,0.2757659985988279,-0.07380549546616423,1.8323054644073458,-1.2812976701973369,4.912843592077897,229.0,59659.0,0.0,0.0,59659.0,55.810517552534684,119.0,59659.0,128.06796404007218,229.0,59659.0
336,161,352,247,6333,-0.97245143517788,-0.23022698120247412,-0.036520451077127876,-1.7281135731904238,-1.335526313490663,6.171975481835817,226.0,61431.0,0.0,0.0,61431.0,71.35304650746366,106.0,61431.0,132.23130015790073,226.0,61431.0
337,164,406,212,23515,0.942103361980582,-0.3329230607052998,0.04004361366684526,-1.451092486351487,1.228848677602409,4.212945261618569,147.0,134097.0,0.0,0.0,134097.0,30.746529253699435,43.0,134097.0,103.6564004663291,147.0,134097.0
339,162,302,266,6518,-0.7051657248880332,0.42568427388683655,0.5670398569841207,0.643957364827864,-0.7826568492207091,2.027647493483909,359.0,61536.0,0.0,0.0,61536.0,134.11968062055814,283.0,61536.0,262.6123786618131,359.0,61536.0
340,165,281,253,5073,-0.9990297665648908,0.042308046404804116,0.012229256997393483,1.2894128958668323,-1.5267420337494446,3.606425291805699,986.0,39008.0,0.0,0.0,39008.0,130.86914649986326,196.0,39008.0,554.829932321575,986.0,39008.0
341,164,145,242,6236,0.888944517658611,0.25198850674231715,0.3824649487135738,0.582574214359845,1.0950355190684902,2.140232308297783,384.0,99909.0,0.0,0.0,99909.0,91.57723862047797,165.0,99909.0,220.9213917998712,384.0,99909.0
342,165,237,84,8189,0.9612375442118416,0.275704484838455,-0.003069305711350768,1.5819284595377976,1.2914560384753682,5.19569812191542,737.0,164242.0,0.0,0.0,164242.0,107.91016711113276,147.0,164242.0,508.0324379066662,737.0,164242.0
349,166,222,195,7119,0.940820394361292,0.33427978724448065,0.05580330988075483,1.4053856669720044,1.2250429450594336,3.212544467245676,380.0,69752.0,0.0,0.0,69752.0,44.298820583400236,51.0,69752.0,174.7669935390144,380.0,69752.0
350,167,356,278,7630,0.9532126636056466,0.011635843770619003,0.30207652189730794,0.03850048956691498,1.2636911315056727,3.6351749396144655,97.0,58509.0,0.0,0.0,58509.0,33.420465227571825,39.0,58509.0,80.26162926501335,97.0,58509.0
354,166,283,239,4536,0.11513489882429323,-0.8971098488490583,-0.42654176134434846,-2.0146216538872155,0.11539080052461317,3.137040211382247,924.0,44716.0,0.0,0.0,44716.0,129.02885618868712,185.0,44716.0,433.6220294003638,924.0,44716.0
355,169,303,127,8493,0.9831354576077996,-0.16917886147377012,0.06944915280074777,-1.1812649025577424,1.3868824400770075,3.1479504375807563,1197.0,43485.0,0.0,0.0,43485.0,146.45698516729908,408.0,43485.0,511.6894561342992,1197.0,43485.0
356,171,325,88,11714,-0.9488761474074977,0.297406573102221,0.10575153500870671,1.2291600136538396,-1.2496561745356645,4.861848332027863,181.0,131472.0,0.0,0.0,131472.0,45.60689475072005,103.0,131472.0,81.51705306072776,181.0,131472.0
362,170,283,163,7512,-0.9779739432635894,-0.025071492296415383,-0.207215797108947,-3.021185741186027,-1.360523204804064,4.583610654441069,164.0,57643.0,0.0,0.0,57643.0,46.156451491652646,49.0,57643.0,136.13530986705527,164.0,57643.0
363,169,296,400,8909,0.9519120030468456,0.27570810727257217,-0.1335985704995296,2.0220200749404085,1.25941737374963,4.245616325226264,355.0,84855.0,0.0,0.0,84855.0,40.47216624437766,62.0,84855.0,158.38840374756938,355.0,84855.0
365,171,231,140,9512,-0.7566837259575028,-0.19232956380987354,-0.6248512445020613,-2.8429948338455735,-0.8582256619929564,2.794828390253837,1749.0,61664.0,0.0,0.0,61664.0,149.69147314478465,368.0,61664.0,616.1633476042207,1749.0,61664.0
367,170,379,312,9073,-0.5815212680052948,-0.07319935603852736,0.8102313676555969,-0.0900991711955556,-0.6205974002320437,3.5624494700138665,156.0,91158.0,0.0,0.0,91158.0,41.90320103556462,70.0,91158.0,95.61794174217658,156.0,91158.0
370,171,152,329,6602,-0.8541238323095038,0.07994513076373319,0.5138883683720586,0.1543319619568126,-1.0238637895408247,3.2990946789553126,256.0,86207.0,0.0,0.0,86207.0,44.96716043940747,52.0,86207.0,160.00612479265024,256.0,86207.0
372,171,144,132,10886,0.9809034744866721,0.042719395287187635,0.18974569034966712,0.2214479459837548,1.3750535543197173,4.059564436848963,988.0,170217.0,0.0,0.0,170217.0,30.898028203215112,59.0,170217.0,231.25540731340973,988.0,170217.0
374,172,99,306,13029,-0.9336784448057002,-0.1715348204573008,0.3143570693906694,-0.49951177318878404,-1.2045507944348433,5.282663280183503,164.0,127736.0,0.0,0.0,127736.0,30.771479196676477,39.0,127736.0,89.22960898519864,164.0,127736.0
375,178,214,253,5451,-0.9594223703212086,-0.060050590435861445,-0.27550434101033333,-2.926983234846833,-1.284946497543108,2.664503752629474,723.0,46856.0,0.0,0.0,46856.0,254.33183228046212,500.0,46856.0,486.161188890786,723.0,46856.0
376,177,244,125,7406,0.9930791148269301,0.11209474949686521,-0.03505194473629253,1.8738627132014,1.4530773134801096,5.058898359830373,287.0,37095.0,0.0,0.0,37095.0,69.24327627263332,126.0,37095.0,164.35243743541358,287.0,37095.0
379,180,327,313,6781,0.7182685191185989,0.2770311076550032,0.638235144625096,0.4095178196304007,0.8013105148542503,1.825631794506196,1263.0,49208.0,0.0,0.0,49208.0,89.28151249119384,205.0,49208.0,422.8581395978974,1263.0,49208.0
380,174,388,363,8855,0.9754566279865937,-0.12873923328951728,-0.1786353176979602,-2.517120679993768,1.3487853788187638,1.6069959020537496,216.0,120705.0,0.0,0.0,120705.0,58.00266766082598,79.0,120705.0,143.3970727531309,216.0,120705.0
381,181,328,236,14928,0.696529970412133,-0.356713324275091,0.6225765853309031,-0.5203020439744412,0.7705499808047122,3.769593856368772,196.0,48208.0,0.0,0.0,48208.0,81.16596138953425,133.0,48208.0,145.96518558468858,196.0,48208.0
382,181,336,144,10074,0.5995271977246837,0.5184548169045329,0.6097308767127309,0.7046688249463154,0.6429102368383786,2.3677618009898223,608.0,66016.0,0.0,0.0,66016.0,443.2552512522217,974.0,66016.0,344.3058652447891,608.0,66016.0
383,182,287,210,5182,-0.9756203525530254,0.2090336530273258,-0.06685700850593108,1.8803527592908758,-1.3495301623681453,3.4757374801172785,470.0,49437.0,0.0,0.0,49437.0,152.9342058242477,258.0,49437.0,361.40695565399733,470.0,49437.0
384,183,300,229,7583,0.8902323539585527,-0.43926705237907926,-0.12054382049532553,-1.838623566626033,1.0978550155087863,2.7375986720119734,251.0,47244.0,0.0,0.0,47244.0,101.71312053735218,209.0,47244.0,188.26956509468573,251.0,47244.0
385,177,343,195,8472,-0.7314391928905748,-0.41425699744760375,-0.5416528843911759,-2.488685621409985,-0.8204301109360198,6.2237180138156765,801.0,53076.0,0.0,0.0,53076.0,423.07841585650766,635.0,53076.0,601.9977390911147,801.0,53076.0
386,182,114,290,7796,-0.6518664876435267,-0.34889003276881875,-0.6733096073292466,-2.6635135341661185,-0.710043141974356,2.949371112329395,156.0,63816.0,0.0,0.0,63816.0,43.75984601562826,60.0,63816.0,114.77323346287243,156.0,63816.0
388,184,237,302,7143,-0.9695661751848592,-0.24481469362786065,-0.002682856928633991,-1.5817546132383475,-1.3234525998252296,1.7339148269853555,555.0,45419.0,0.0,0.0,45419.0,158.53767512861725,202.0,45419.0,431.89584388325005,555.0,45419.0
390,185,190,301,8601,0.13451517568598348,0.7893860279217834,0.5989786026495757,0.9216930081012025,0.1349241751603681,2.851345209373184,368.0,69119.0,0.0,0.0,69119.0,81.63898493901821,109.0,69119.0,216.47927969636908,368.0,69119.0
391,187,220,277,4960,0.9997495692351891,-0.021683034225690102,0.005535778248976709,-1.3208313696084493,1.5484159238448207,3.064190169794606,1294.0,43512.0,0.0,0.0,43512.0,668.1187028865601,932.0,43512.0,841.6942682478397,1294.0,43512.0
393,187,215,232,7599,0.6680470687634651,0.6620516868694545,0.33970675269981393,1.0967141206446185,0.7315811974965465,3.3808459534407613,680.0,73891.0,0.0,0.0,73891.0,93.72195531255498,105.0,73891.0,359.8809282140811,680.0,73891.0
394,189,258,372,6277,-0.7508953091377324,0.5671383717883387,0.3383937085115824,1.0328299206399556,-0.8494166999273283,3.0341822017633286,319.0,40885.0,0.0,0.0,40885.0,59.88068158656394,108.0,40885.0,219.74273368391016,319.0,40885.0
395,188,312,350,10826,0.4551543933086449,-0.7909254033364929,0.40898836732704985,-1.093561650081153,0.4725456017015268,2.8927861021629946,331.0,57520.0,0.0,0.0,57520.0,39.83191933240612,44.0,57520.0,187.36234932777006,331.0,57520.0
397,188,150,188,7788,0.9675039865970531,-0.17033682386362228,0.18687269023285044,-0.7391394016643478,1.3151655260928294,1.9149164240265988,1200.0,59885.0,0.0,0.0,59885.0,80.85707606245303,159.0,59885.0,595.3388717263645,1200.0,59885.0
400,190,176,333,6897,0.783462031680947,-0.45359822226994,-0.42477746840894576,-2.3233948372221187,0.9002174041170882,2.605858215558049,535.0,41932.0,0.0,0.0,41932.0,119.84261025787784,319.0,41932.0,179.1437883557506,535.0,41932.0
401,193,281,338,7938,-0.27142253471174077,0.9136251248068178,-0.30268620545439684,1.890717937669018,-0.27487074322595123,3.067431825182902,335.0,67556.0,0.0,0.0,67556.0,52.882107683502085,91.0,67556.0,160.45785225097202,335.0,67556.0
402,191,371,158,12487,-0.6448189610183384,0.3270796830467057,0.6908164650971319,0.44219784813114466,-0.7007864015002572,2.8100958375348726,800.0,87258.0,0.0,0.0,87258.0,118.25620191462865,271.0,87258.0,259.719273113449,800.0,87258.0
403,191,375,360,8267,-0.7627752297359451,0.4514661500252402,-0.4629819265183715,2.3687869687534895,-0.8675939322253808,1.705808311288228,1523.0,83922.0,0.0,0.0,83922.0,250.49240961845524,414.0,83922.0,811.4416720287886,1523.0,83922.0
404,189,231,374,8197,-0.7014170748753115,0.6917303101256161,0.1718233544279732,1.3273274542943174,-0.7773837331447557,5.754693416366896,1735.0,58958.0,0.0,0.0,58958.0,200.425557176295,398.0,58958.0,472.2796962809684,1735.0,58958.0
405,194,279,389,7255,0.8826891134909539,0.4488165323802628,-0.13936875254773018,1.8718808942131027,1.0815538458363652,3.1582453474754755,246.0,18038.0,0.0,0.0,18038.0,44.993606090845255,70.0,18038.0,145.59487378497246,246.0,18038.0
406,193,130,195,14363,-0.9904384886075331,-0.12914406900555878,0.048511954459836804,-1.2114628032856927,-1.4323998857555948,7.681947246488287,136.0,63169.0,0.0,0.0,63169.0,56.446400396819115,82.0,63169.0,92.45720210862923,136.0,63169.0
409,193,324,156,9519,0.687040043478543,-0.5795427813075722,-0.4382991481754043,-2.2183073160562916,0.7574075671045352,2.7564147328594872,548.0,47179.0,0.0,0.0,47179.0,78.19071338236645,135.0,47179.0,343.5487187095954,548.0,47179.0
410,193,371,209,9733,-0.3910805232299688,-0.3991035345782941,-0.8293204405037213,-2.6930640265220216,-0.40180532715264233,1.77576617942651,471.0,76148.0,0.0,0.0,76148.0,88.66387385967677,175.0,76148.0,186.27750783561837,471.0,76148.0
411,194,150,260,4421,-0.8637250350813974,-0.4275640852962665,-0.2667733433804916,-2.1286313617929635,-1.042614984184345,2.636951243945784,259.0,52470.0,0.0,0.0,52470.0,148.98686233403214,231.0,52470.0,173.5460135950702,259.0,52470.0
412,193,310,177,5900,-0.8918859382004648,-0.28668043232476326,0.34979108473825227,-0.6865641619733803,-1.1014982019621815,2.6923006103252525,491.0,28764.0,0.0,0.0,28764.0,79.3581560283688,94.0,28764.0,351.6043665693228,491.0,28764.0
413,192,199,127,10474,-0.5038265935247013,-0.6959223184167027,0.511713680085667,-0.9367679243160404,-0.5280230101094919,2.831056016621583,891.0,42128.0,0.0,0.0,42128.0,38.66243353589062,54.0,42128.0,266.7111976199519,891.0,42128.0
416,195,272,299,7848,0.7274487686583555,-0.40296604590644963,-0.5553707363770293,-2.5139042206213835,0.8145964667562103,2.4625899305511316,762.0,65484.0,0.0,0.0,65484.0,121.98317655203307,163.0,65484.0,415.3940860871867,762.0,65484.0
418,199,277,127,11663,0.3663341343508933,0.6410471659675403,0.6744314887476464,0.7600255293338409,0.3750662069457489,2.334312750798058,107.0,84134.0,0.0,0.0,84134.0,29.463447199309037,37.0,84134.0,61.722308064119936,107.0,84134.0
420,198,317,303,5967,0.6656663576423242,-0.4848627264657262,0.5672710434945742,-0.7072328031081097,0.7283864049556641,2.8669487411478944,124.0,50776.0,0.0,0.0,50776.0,40.000321674281814,43.0,50776.0,85.27736200829789,124.0,50776.0
421,198,345,213,5174,-0.9375741786859231,0.3290990046117162,0.11246557084278863,1.2415009162783506,-1.2155883525153293,3.185187470481227,449.0,21853.0,0.0,0.0,21853.0,286.7559602800531,366.0,21853.0,247.75556369072135,449.0,21853.0
422,201,218,325,4066,0.9168212186896952,0.2991533794579294,-0.2644732661711617,2.29474167090596,1.1600453520361609,2.571129746372286,130.0,61393.0,0.0,0.0,61393.0,76.5235070230591,139.0,61393.0,102.47073227675251,130.0,61393.0
425,203,184,173,6842,-0.42053009838191285,-0.35210080320787024,-0.8361695167460191,-2.743040314522667,-0.4340295140090393,2.153816760449516,192.0,73827.0,0.0,0.0,73827.0,49.39208329382656,65.0,73827.0,157.05143104826146,192.0,73827.0
427,203,260,166,8194,-0.7832496373977568,0.5674417808162111,-0.2540272247228825,1.9917117605579977,-0.8998756999043321,2.7528237837894647,1461.0,54236.0,0.0,0.0,54236.0,436.46992772328343,717.0,54236.0,885.255033557047,1461.0,54236.0
428,205,297,178,7007,-0.7685713834172189,0.01804627393565661,-0.6395094687251952,3.1133812087653583,-0.876605109838856,2.515600058758034,487.0,37258.0,0.0,0.0,37258.0,74.39714960545386,113.0,37258.0,297.1786640900388,487.0,37258.0
429,204,188,369,4327,0.9401183697512087,0.2925998317359266,0.1748221648545656,1.032232791528584,1.2229774193977823,2.669764242098833,104.0,26473.0,0.0,0.0,26473.0,33.01380022412773,43.0,26473.0,75.86835643863559,104.0,26473.0
430,204,187,319,6623,-0.3264797051794003,-0.5968124220421808,-0.7329569803215719,-2.45822107794765,-0.33257679299331033,3.4553659637838123,313.0,31158.0,0.0,0.0,31158.0,153.09505316986542,226.0,31158.0,167.7348246571239,313.0,31158.0
431,207,189,104,12701,-0.980844821433402,-0.18821645187232813,-0.05017971215411112,-1.8313424595768697,-1.3747522176989042,3.568299708800347,108.0,154463.0,0.0,0.0,154463.0,27.627468498389042,32.0,154463.0,64.19504778922244,108.0,154463.0
432,205,192,253,8891,-0.8862625874611484,-0.4466095989330965,-0.12279451212285065,-1.8391143931575247,-1.0892128349085133,1.9131755911822577,211.0,57922.0,0.0,0.0,57922.0,164.28429612237147,289.0,57922.0,167.21362061623103,211.0,57922.0
435,206,322,189,8574,0.41205115486094473,0.6308443923682259,-0.6574566133178107,2.376848387544973,0.424704064359101,3.3468218318283744,543.0,34989.0,0.0,0.0,34989.0,155.8707879619309,217.0,34989.0,349.76054378995303,543.0,34989.0
436,202,334,375,10523,-0.8695529290670433,-0.03559531194081577,0.49255525306178766,-0.0721412269023491,-1.0542963021808593,3.8777554378280072,543.0,69301.0,0.0,0.0,69301.0,44.65878799247726,88.0,69301.0,195.79721793336316,543.0,69301.0
437,207,131,253,8405,-0.9269971602736327,-0.2189794051919857,0.3045066254556457,-0.6234488831366036,-1.1863258240492203,3.7631872960004693,186.0,84554.0,0.0,0.0,84554.0,189.4127736909746,456.0,84554.0,137.77859513841253,186.0,84554.0
438,208,199,400,8431,-0.6241766833025318,-0.7303745954364639,-0.2774101987355062,-1.9337852259060717,-0.6740772882084682,3.123949619598281,191.0,88215.0,0.0,0.0,88215.0,33.69044569139791,43.0,88215.0,102.00881558313968,191.0,88215.0
440,208,255,147,11925,-0.11432150791932912,-0.9883576373296219,0.10039807547587207,-1.4695628561286302,-0.1145720030099835,3.1258344215023848,422.0,48247.0,0.0,0.0,48247.0,140.5417815270034,284.0,48247.0,250.42202278552725,422.0,48247.0
441,207,351,229,10801,-0.9384938468848649,0.33162290943696043,0.09620574460921455,1.2884412729126882,-1.2182422046058572,2.9198969632326333,212.0,52195.0,0.0,0.0,52195.0,87.21293227320625,181.0,52195.0,101.31008078679312,212.0,52195.0
442,207,349,331,17094,0.23080384552410219,-0.6520821970987367,0.7221623038612381,-0.73444692953502,0.23290375338463393,2.964673112379416,1203.0,31065.0,0.0,0.0,31065.0,181.0032619775739,249.0,31065.0,628.6416975159611,1203.0,31065.0
443,208,365,293,10564,-0.913482085909199,0.1356174178074145,0.38361229739181774,0.3398137131386925,-1.1517615282462919,3.1400658918935798,1191.0,56421.0,0.0,0.0,56421.0,217.3336582714474,333.0,56421.0,735.1072236696738,1191.0,56421.0
444,208,157,216,8665,0.8241115341472555,-0.12076449155923231,0.5534041171367421,-0.21485295967782314,0.9686318626153722,3.3400336294025013,253.0,83027.0,0.0,0.0,83027.0,59.04176954484686,70.0,83027.0,180.24223846861062,253.0,83027.0
445,212,183,357,6837,0.6409565580592915,0.5631222104153826,0.5216014444167876,0.8236572214408004,0.6957438226431175,2.230221777954954,186.0,20603.0,0.0,0.0,20603.0,51.704088401365496,72.0,20603.0,117.92865116730573,186.0,20603.0
446,219,346,165,26844,0.9463062242614231,-0.22903620088088203,-0.22813800343244184,-2.354229820523088,1.2416116357813807,4.658076146954875,280.0,24861.0,0.0,0.0,24861.0,39.23608597133395,53.0,24861.0,142.92802649397316,280.0,24861.0
447,211,96,208,4702,-0.9947250083691833,-0.032390301762240364,0.09732947177848562,-0.3212617230683938,-1.468038010782213,2.988334977553413,40.0,179054.0,0.0,0.0,179054.0,21.22764082343874,24.0,179054.0,34.02865615959431,40.0,179054.0
448,208,158,180,10566,0.9151861641011003,-0.018491561842025973,0.40260693881074144,-0.04589730998097497,1.1559695884199082,2.924074014676799,99.0,13896.0,0.0,0.0,13896.0,27.679500095950875,32.0,13896.0,74.6439502974477,99.0,13896.0
449,210,269,400,8857,-0.9187785530954312,-0.337226824162696,0.20524141745029856,-1.024066089908405,-1.1649752129369129,6.0293848395271885,291.0,118623.0,0.0,0.0,118623.0,38.764104206885115,82.0,118623.0,114.23991693572634,291.0,118623.0
451,213,332,212,4563,-0.9637638619705551,0.2022211259386981,0.17397078658121368,0.8603530280335249,-1.3007699554743726,1.605459835615302,1171.0,41907.0,0.0,0.0,41907.0,239.1196538366701,417.0,41907.0,592.3393148320488,1171.0,41907.0
452,211,227,106,10324,0.21120708488574275,0.9580363475602223,0.1937986688487182,1.3712023275176606,0.21280973890565136,2.094783748923175,308.0,111112.0,0.0,0.0,111112.0,44.79660762713898,54.0,111112.0,175.6155620755034,308.0,111112.0
453,212,270,247,7615,-0.20128899646135667,-0.867744001165984,-0.45442610878340656,-2.0532133426561283,-0.2026736743649752,2.590877328251831,271.0,82598.0,0.0,0.0,82598.0,105.21614728363076,174.0,82598.0,216.40817776055917,271.0,82598.0
454,215,159,323,10393,0.9248557730024476,-0.06253183430442222,-0.3751420648801849,-2.976422820611883,1.1806561916111338,2.731270008680321,290.8999999999651,65465.0,0.0,0.0,65465.0,84.38093637821737,152.0,65465.0,212.57339036126174,290.8999999999651,65465.0
455,214,244,206,7896,0.8698337249680879,-0.48879125088317565,-0.06687603433369205,-1.7067712734290696,1.0548651843308852,3.513711173099262,471.0,71705.0,0.0,0.0,71705.0,80.58094042721335,106.0,71705.0,263.1872533296144,471.0,71705.0
457,216,216,275,6368,-0.08417899761181342,-0.9472682762793347,-0.3091871748890115,-1.8862928206745746,-0.08427873282080305,2.4835599593352913,649.0,39315.0,0.0,0.0,39315.0,117.52205689092374,185.0,39315.0,296.34638178812156,649.0,39315.0
461,216,313,319,11027,-0.9714617676723916,-0.1569921997011979,-0.177807432869977,-2.418286779295352,-1.3313176707633656,2.816787989895005,2073.0,37982.0,0.0,0.0,37982.0,94.33028803117266,154.0,37982.0,578.1787513383532,2073.0,37982.0
462,219,179,275,5126,-0.9059178718232997,-0.3919665663066046,0.16023426727436796,-1.1827304772149243,-1.133542306597286,1.8861849715261982,167.0,43772.0,0.0,0.0,43772.0,86.09972128301197,142.0,43772.0,137.97734472569985,167.0,43772.0
463,208,341,263,16802,-0.9471271425201492,0.31039624125331805,0.08126714783618676,1.3147266669287145,-1.2441605550492492,8.936196884990792,311.0,60602.0,0.0,0.0,60602.0,51.615755255602124,65.0,60602.0,208.7804857925481,311.0,60602.0
465,219,162,367,10583,-0.9382247135690198,-0.25987401332820526,0.228472939415201,-0.8496105107162258,-1.2174636004345947,2.987557469415902,394.0,154436.0,0.0,0.0,154436.0,54.084252808067205,100.0,154436.0,139.71915442858747,394.0,154436.0
467,221,204,294,7193,-0.19249474258117746,-0.978098993703513,-0.07917153904517393,-1.6515645373975658,-0.19370380410561447,1.9900848609056374,1772.0,29070.0,0.0,0.0,29070.0,129.43511065244812,194.0,29070.0,757.1767228528838,1772.0,29070.0
471,223,175,161,4103,0.573936351628542,-0.5682210659821553,0.5896794760320405,-0.7668681142186925,0.6113046812456379,2.3719177596247993,193.0,24372.0,0.0,0.0,24372.0,56.12592319054653,92.0,24372.0,133.1500902675201,193.0,24372.0
472,218,264,281,7268,0.5258441489850451,-0.5954197228265514,0.6074234804873336,-0.7754190080377418,0.5537072471599535,2.526503328040268,141.0,40204.0,0.0,0.0,40204.0,75.81938778894306,98.0,40204.0,128.7144811461546,141.0,40204.0
473,222,131,288,7909,-0.5885741236200196,-0.4386045757697233,-0.6791218794287126,-2.568146902263665,-0.6292939751085811,2.2627441699901505,429.0,134626.0,0.0,0.0,134626.0,76.1236066336864,133.0,134626.0,191.11866207121952,429.0,134626.0
474,228,214,384,13109,0.8700226588502956,0.25117897075482826,-0.4242283556501232,2.607013813810385,1.0552482787477269,4.2687018672348715,257.0,115437.0,0.0,0.0,115437.0,46.02727894869063,84.0,115437.0,136.64786853435206,257.0,115437.0
477,225,295,346,10967,-0.1598633971259866,0.45970617127344576,-0.8735639245942156,2.657172379879214,-0.16055226880854032,2.0440141821331927,381.0,46651.0,0.0,0.0,46651.0,77.60347402342215,231.0,46651.0,175.84793466378,381.0,46651.0
478,224,350,345,12271,-0.8198955827019713,0.5687285057946403,0.06572001340833217,1.4557505533260575,-0.9612286108135353,4.216543632272737,636.0,152923.0,0.0,0.0,152923.0,103.26069546983341,151.0,152923.0,331.32581538857244,636.0,152923.0
479,227,267,216,6379,-0.7133856106306433,0.49988303477457224,0.49111905083157614,0.7942414903775817,-0.7943176659204749,2.178700924456662,726.0,48188.0,0.0,0.0,48188.0,77.36601090174594,92.0,48188.0,382.38318668548186,726.0,48188.0
481,227,306,380,9492,-0.8957394205351162,0.38895933017572165,0.21531727745043602,1.0652142773598963,-1.110091617135067,4.899480601425768,395.0,129848.0,0.0,0.0,129848.0,93.8926950485696,267.0,129848.0,139.84271609882325,395.0,129848.0
482,229,152,161,8920,-0.9040242635541541,-0.4251172375624523,-0.04489393313844134,-1.6760100169910659,-1.1290916585937443,4.055993958782624,156.0,155603.0,0.0,0.0,155603.0,31.08626011923506,52.0,155603.0,78.10135622920724,156.0,155603.0
483,230,224,309,7816,0.25067911834082524,0.4123940475633221,-0.8758373873968884,2.701530166220431,0.2533817091278249,2.370347891307896,194.0,28592.0,0.0,0.0,28592.0,72.00443014362992,91.0,28592.0,147.00751958589817,194.0,28592.0
484,229,244,316,7280,-0.8438637966073023,0.5336924158875568,0.05537416364707241,1.4674095698897922,-1.0044440473466358,3.2814272026705624,419.0,56266.0,0.0,0.0,56266.0,50.15291650375004,87.0,56266.0,179.65630516949253,419.0,56266.0
485,229,365,148,16496,0.23245607679340108,0.5265816676837861,0.8177260663701406,0.5721164034248009,0.23460217522006388,3.3876507854628124,79.0,163547.0,0.0,0.0,163547.0,32.74204764787289,56.0,163547.0,53.954451421711596,79.0,163547.0
486,230,373,268,13515,-0.5271271752658022,0.08315178272675694,0.8457084143637561,0.09800703867174826,-0.5552163634575996,2.4052784390929394,2580.0,141667.0,0.0,0.0,141667.0,283.15731257102925,395.0,141667.0,1221.061893972014,2580.0,141667.0
487,230,280,186,15898,-0.9110837921160895,0.1497973540929364,-0.38404046199602654,2.7696878208822433,-1.1459056218037866,3.732531998281221,420.0,38411.0,0.0,0.0,38411.0,114.30113769493114,180.0,38411.0,270.1987277949893,420.0,38411.0
488,231,269,371,17126,-0.7840239794004797,-0.18894867916284003,0.5912738759387688,-0.3093056049041737,-0.9011221878330687,3.0229228881945898,117.0,79495.0,0.0,0.0,79495.0,44.699255718389,58.0,79495.0,88.75782543975512,117.0,79495.0
489,232,365,187,12628,0.787300759368092,-0.558005180432797,0.26227415600586285,-1.131418234682488,0.9064188388323612,3.323895620864173,279.0,109746.0,0.0,0.0,109746.0,99.38557517661995,139.0,109746.0,169.60628481524003,279.0,109746.0
491,232,205,189,9157,0.5079213795038842,-0.6676860332996704,0.5442529128809717,-0.8868958249170869,0.5327700060624294,3.170566211129277,807.0,51090.0,0.0,0.0,51090.0,133.295106674496,292.0,51090.0,526.5970901024336,807.0,51090.0
494,233,319,296,8801,0.9058565393728393,0.22688428533454563,-0.3576974296017467,2.5763400007558914,1.1333974903161512,1.685486910107058,219.0,26200.0,0.0,0.0,26200.0,48.78230279898219,61.0,26200.0,157.9435114503817,219.0,26200.0
495,235,242,276,8705,0.10130542190180844,0.9943735163447013,-0.03095999815196652,1.6019214515660858,0.10147950642624053,1.6699497426763614,645.0,47519.0,0.0,0.0,47519.0,123.87408545353789,176.0,47519.0,215.66872198489025,645.0,47519.0
496,237,275,277,6879,0.6588580469717638,0.28530851621460546,-0.6960640232880689,2.7525910307260353,0.719299734824208,1.8270753330912672,99.0,51964.0,0.0,0.0,51964.0,37.11050599132733,49.0,51964.0,75.25474687604239,99.0,51964.0
499,236,216,232,7911,-0.21558222928679313,0.9597217837595656,0.18016214972378028,1.3852326598452003,-0.21728804032525936,1.7151244440541162,275.0,58609.0,0.0,0.0,58609.0,87.52872994477526,150.0,58609.0,243.2719036325479,275.0,58609.0
500,234,217,365,7611,-0.22800838806063226,-0.9626102666391149,0.1462656813301237,-1.4200028305140349,-0.23003169939945456,3.457439643942059,1593.0,60383.0,0.0,0.0,60383.0,90.44180757277158,153.0,60383.0,741.3763255662466,1593.0,60383.0
502,241,302,163,14041,-0.7507945735053547,0.3598255216860403,-0.5539251775630726,2.565504105187739,-0.8492641807613717,2.2586534073160784,731.0,73058.0,0.0,0.0,73058.0,58.742615456212874,82.0,73058.0,382.09782182193146,731.0,73058.0
503,244,161,270,9615,-0.9720783087042478,-0.23008767078988798,0.04608064124090574,-1.3731370557890754,-1.3339309458091004,2.915668851528088,86.0,79015.0,0.0,0.0,79015.0,46.424467928030545,65.0,79015.0,68.51273386909658,86.0,79015.0
504,243,178,224,8850,-0.1527250805628508,-0.9018270621262766,-0.4042066300591313,-1.9921595111929922,-0.15332511775966087,2.419557832169323,571.0,50267.0,0.0,0.0,50267.0,56.19855305999297,88.0,50267.0,226.32093288506044,571.0,50267.0
505,246,180,313,8314,0.8072420645418492,-0.005267400383142111,-0.5901970041667591,-3.132668073324202,0.9394643498812139,4.358531610613264,78.0,40216.0,0.0,0.0,40216.0,34.14136164710563,43.0,40216.0,63.4202058882037,78.0,40216.0
506,238,254,173,7738,0.6043075489347696,0.2214020557727322,0.7653714888863173,0.28158759242451337,0.6488964874032846,5.007221349595532,117.0,31357.0,0.0,0.0,31357.0,34.041043467168414,38.0,31357.0,89.44853355444292,117.0,31357.0
508,243,203,143,15750,0.1147173082208875,-0.9888608592637164,0.09483744097548105,-1.4751830102497612,0.11497042452501312,4.32162438233553,76.0,62015.0,0.0,0.0,62015.0,30.91584831626757,40.0,62015.0,60.24611249966406,76.0,62015.0
511,247,315,208,9142,-0.7605250359294519,0.6159781283010088,0.20535972141413716,1.248996565642627,-0.8641213402280364,4.125058363503307,371.0,42588.0,0.0,0.0,42588.0,85.97770107385492,145.0,42588.0,257.64091606399296,371.0,42588.0
512,249,277,167,7840,0.5088976079915412,-0.44277976277316494,0.738220364294448,-0.5402676349543097,0.5339036851938171,2.4587056228956095,315.0,28655.0,0.0,0.0,28655.0,32.96999941836794,49.0,28655.0,118.35944861280754,315.0,28655.0
513,250,192,281,6687,-0.462476311553013,-0.5169512343995866,0.7203312311048744,-0.6224787098435004,-0.480786113594711,4.761997386211834,202.0,61477.0,0.0,0.0,61477.0,40.920441791239,69.0,61477.0,92.74069977389918,202.0,61477.0
514,250,220,343,15099,-0.0834221297523959,-0.9415715484703788,-0.32631850603155804,-1.9044103602404625,-0.08351919329787102,3.524199020514197,709.0,51822.0,0.0,0.0,51822.0,60.747353119009944,191.0,51822.0,205.8999588334427,709.0,51822.0
515,249,279,301,9178,-0.8838111679321762,0.23926449624795879,0.40203273532583483,0.5368359825319453,-1.0839467921128771,2.1392647253431596,284.0,42331.0,0.0,0.0,42331.0,68.68309276889278,100.0,42331.0,188.43624451741434,284.0,42331.0
516,251,278,129,13561,0.08470548120862736,-0.9906540991898565,-0.10690854601737419,-1.678297420727324,0.08480710356558421,3.300353671362916,322.0,166869.0,0.0,0.0,166869.0,63.03025127495221,161.0,166869.0,129.69119488940427,322.0,166869.0
517,251,342,293,19874,-0.22571892966231927,0.2049479121629217,-0.9523903181428066,2.9296318450680965,-0.22768094813901724,2.5632911691499083,251.0,116203.0,0.0,0.0,116203.0,46.122667515755474,80.0,116203.0,111.16074455909056,251.0,116203.0
518,253,232,299,13902,-0.8082055365983212,0.2793492687018927,0.5184281981986878,0.49423384762115696,-0.9410985703328437,2.910079444876894,71.0,51606.0,0.0,0.0,51606.0,33.10821093154543,38.0,51606.0,62.22966321745533,71.0,51606.0
519,252,324,229,14858,0.845026413236693,-0.512633497490386,0.1521093625754322,-1.282350069716982,1.00661456110599,2.772258515719144,451.0,35143.0,0.0,0.0,35143.0,99.01229263295677,136.0,35143.0,265.2915326902465,451.0,35143.0
520,250,186,192,8696,-0.39996327507116985,-0.8564134755478228,0.3264740992704364,-1.2065916870049105,-0.41147677623540413,2.7665215982434668,373.0,21573.0,0.0,0.0,21573.0,76.39934176980485,115.0,21573.0,252.17626971986587,373.0,21573.0
521,255,307,301,16682,-0.5058345674734793,-0.19842496610811758,0.839499209751808,-0.23210144656563306,-0.5303491592737112,2.8910581573443923,175.0,64593.0,0.0,0.0,64593.0,52.807249495559375,107.0,64593.0,127.38869020894937,175.0,64593.0
523,254,299,333,11135,0.594477992226691,-0.7293653726487411,-0.3385588131168433,-2.0053818207090135,0.6366163197364973,1.9323669802359402,1365.0,52627.0,0.0,0.0,52627.0,178.2904529360721,430.0,52627.0,759.825336804302,1365.0,52627.0
524,256,192,168,8961,-0.6631086542338934,0.7346610569714878,-0.14338774023483217,1.7635485400848037,-0.7249642110548279,2.1323419543422926,211.0,105183.0,0.0,0.0,105183.0,47.552788948784496,70.0,105183.0,115.14901647604651,211.0,105183.0
525,256,223,220,9286,-0.6327199774709517,0.38259714444489595,-0.6732643278622223,2.6248294807103845,-0.6850606481959871,2.2348422712698364,457.0,19894.0,0.0,0.0,19894.0,67.26146911966757,106.0,19894.0,224.53721390033846,457.0,19894.0
526,254,292,222,9533,-0.3998864738504777,0.65608023361522,0.6400386981197538,0.797774123733338,-0.4113929822309479,4.483570399948107,437.0,25377.0,0.0,0.0,25377.0,67.55550301454073,87.0,25377.0,238.6656815226386,437.0,25377.0
527,257,233,141,10368,-0.5313035796134145,0.7370111233948736,-0.41776920695785963,2.0864783979405317,-0.5601385495226855,1.6305330924317094,130.0,146952.0,0.0,0.0,146952.0,28.656069101928974,34.0,146952.0,75.47888652984194,130.0,146952.0
528,259,241,231,9533,0.403565033963727,-0.590275954072742,0.6990776504833853,-0.701212922810447,0.41540993418808125,2.597783336546726,283.0,20356.0,0.0,0.0,20356.0,85.37854522827013,114.0,20356.0,214.59211043426998,283.0,20356.0
532,265,263,217,7485,0.32079599391593544,0.6582741434467724,0.6810029973185915,0.7684288062134874,0.32656977887486965,2.3774666911338227,1100.0,18725.0,0.0,0.0,18725.0,80.4134401424121,241.0,18725.0,457.87115264797507,1100.0,18725.0
534,266,343,247,12299,-0.758337511012213,0.6493680633187064,0.056967865797433195,1.483292191240567,-0.8607589484791115,4.437777225228458,306.0,135852.0,0.0,0.0,135852.0,43.10228533011414,60.0,135852.0,224.5814293005133,306.0,135852.0
535,267,228,187,11037,-0.747618108278921,0.5531320961937222,-0.3675759082608471,2.157322048326128,-0.8444683116509529,1.9639277242637374,157.0,30760.0,0.0,0.0,30760.0,39.09934980494148,52.0,30760.0,92.6570329432163,157.0,30760.0
536,268,259,317,10524,-0.07715694972155221,0.9791772483168572,0.1877730584729681,1.3813303130969976,-0.07723371059728859,2.8804827388839915,566.0,22779.0,0.0,0.0,22779.0,105.86105623600685,152.0,22779.0,268.0137846261908,566.0,22779.0
537,272,204,219,11991,-0.5497632969106278,0.5319561498359516,-0.6440364679283835,2.4512144727801566,-0.5820808434442108,1.3562624894286819,263.0,1282.0,0.0,0.0,1282.0,57.500520020800835,70.0,1282.0,194.14326573062922,263.0,1282.0
538,268,255,248,8417,0.5039415383942193,0.029096663473974754,-0.8632475369530747,3.107899360704922,0.5281560833784327,1.9953094955700548,113.0,15132.0,0.0,0.0,15132.0,44.562846946867566,54.0,15132.0,86.1383381795753,113.0,15132.0
539,271,191,322,11446,-0.8351206519749659,-0.39181574759935167,0.3860750141851564,-0.7927779003494726,-0.9883520893314542,2.520325943101809,74.0,143441.0,0.0,0.0,143441.0,29.284284130757595,40.0,143441.0,51.01973633758828,74.0,143441.0
541,274,275,345,10585,0.8082898657320476,-0.15545088881608832,-0.567893048135964,-2.8744050367502942,0.9412417819969013,1.6713373861457352,274.0,75632.0,0.0,0.0,75632.0,52.628384810662155,76.0,75632.0,154.42474966504477,274.0,75632.0
543,276,204,247,6938,0.435378475293525,-0.8980243430480802,0.06322865287312378,-1.5005037112783453,0.45045864653752504,1.9853695276780634,328.0,39553.0,0.0,0.0,39553.0,56.26812968253567,83.0,39553.0,201.62295316832268,328.0,39553.0
544,283,243,241,5932,-0.01869032049141994,0.44745437229453394,-0.8941114341257652,2.677588414206461,-0.01869140883814302,3.000824617534073,306.0,63273.0,0.0,0.0,63273.0,81.3610650145665,127.0,63273.0,173.02909613895343,306.0,63273.0
545,276,254,184,11774,0.41507082639943166,0.2482676299061434,0.8752596146360687,0.27639038353711004,0.4280206508413987,2.1538429151810012,259.0,99869.0,0.0,0.0,99869.0,36.91288254279773,56.0,99869.0,119.87562707146361,259.0,99869.0
546,276,169,232,12970,0.4545743921916496,0.14726000638793438,0.8784512578864112,0.16609161014289506,0.47189432534657755,2.6376204837303514,338.0,106414.0,0.0,0.0,106414.0,61.88499946748861,103.0,106414.0,122.63119514349616,338.0,106414.0
548,278,272,276,11584,0.2624900054833495,0.8015197227879312,-0.5372756564402574,2.1613247210884774,0.26560179184276905,1.8869505428728695,170.0,51159.0,0.0,0.0,51159.0,70.60188171517557,127.0,51159.0,74.8749519471973,170.0,51159.0
549,280,302,209,11369,0.2667122270008986,-0.9634468941708018,-0.025192659265311283,-1.5969388365789043,0.26998006825582344,2.523568048753751,595.0,93693.0,0.0,0.0,93693.0,84.47376360382668,213.0,93693.0,283.4275879734879,595.0,93693.0
550,282,203,203,4759,0.23385580323163632,-0.7802899967605812,0.580050846262859,-0.9315464321786586,0.2360415725114566,2.5670214254810246,606.0,83736.0,0.0,0.0,83736.0,125.74992436546607,180.0,83736.0,460.44513709754466,606.0,83736.0
551,280,303,238,7951,0.226477202956662,-0.062370038651531436,0.9720175177534265,-0.06407770573646507,0.22845937928436563,3.0655208052356535,188.0,73054.0,0.0,0.0,73054.0,52.310710798404834,61.0,73054.0,145.9236592109946,188.0,73054.0
552,284,253,333,7523,0.05255351069038242,-0.7917832124700476,-0.6085371582448582,-2.2260737801383748,0.052577731812616046,4.803062783390407,205.0,101131.0,0.0,0.0,101131.0,35.42306183728695,40.0,101131.0,126.5242836848576,205.0,101131.0
